item,weight,year,month,value,date
Growth of  Natural Gas (%),NA,2012,4,-11.9,2012-04-01
Growth of  Natural Gas (%),NA,2012,5,-10.8,2012-05-01
Growth of  Natural Gas (%),NA,2012,6,-10.8,2012-06-01
Growth of  Natural Gas (%),NA,2012,7,-13.1,2012-07-01
Growth of  Natural Gas (%),NA,2012,8,-13.6,2012-08-01
Growth of  Natural Gas (%),NA,2012,9,-15.5,2012-09-01
Growth of  Natural Gas (%),NA,2012,10,-15.1,2012-10-01
Growth of  Natural Gas (%),NA,2012,11,-15.4,2012-11-01
Growth of  Natural Gas (%),NA,2012,12,-14.5,2012-12-01
Growth of  Natural Gas (%),NA,2013,1,-16.5,2013-01-01
Growth of  Natural Gas (%),NA,2013,2,-19.8,2013-02-01
Growth of  Natural Gas (%),NA,2013,3,-17.1,2013-03-01
Growth of  Natural Gas (%),NA,2013,4,-16.9,2013-04-01
Growth of  Natural Gas (%),NA,2013,5,-18.2,2013-05-01
Growth of  Natural Gas (%),NA,2013,6,-16.8,2013-06-01
Growth of  Natural Gas (%),NA,2013,7,-16.4,2013-07-01
Growth of  Natural Gas (%),NA,2013,8,-16.0,2013-08-01
Growth of  Natural Gas (%),NA,2013,9,-13.4,2013-09-01
Growth of  Natural Gas (%),NA,2013,10,-13.7,2013-10-01
Growth of  Natural Gas (%),NA,2013,11,-11.0,2013-11-01
Growth of  Natural Gas (%),NA,2013,12,-10.1,2013-12-01
Growth of  Natural Gas (%),NA,2014,1,-5.2,2014-01-01
Growth of  Natural Gas (%),NA,2014,2,-4.4,2014-02-01
Growth of  Natural Gas (%),NA,2014,3,-9.8,2014-03-01
Growth of  Natural Gas (%),NA,2014,4,-8.4,2014-04-01
Growth of  Natural Gas (%),NA,2014,5,-2.5,2014-05-01
Growth of  Natural Gas (%),NA,2014,6,-1.7,2014-06-01
Growth of  Natural Gas (%),NA,2014,7,-9.2,2014-07-01
Growth of  Natural Gas (%),NA,2014,8,-8.7,2014-08-01
Growth of  Natural Gas (%),NA,2014,9,-6.0,2014-09-01
Growth of  Natural Gas (%),NA,2014,10,-4.0,2014-10-01
Growth of  Natural Gas (%),NA,2014,11,-2.6,2014-11-01
Growth of  Natural Gas (%),NA,2014,12,-3.3,2014-12-01
Growth of  Natural Gas (%),NA,2015,1,-6.6,2015-01-01
Growth of  Natural Gas (%),NA,2015,2,-8.6,2015-02-01
Growth of  Natural Gas (%),NA,2015,3,-2.3,2015-03-01
Growth of  Natural Gas (%),NA,2015,4,-4.3,2015-04-01
Growth of  Natural Gas (%),NA,2015,5,-3.9,2015-05-01
Growth of  Natural Gas (%),NA,2015,6,-7.2,2015-06-01
Growth of  Natural Gas (%),NA,2015,7,-5.3,2015-07-01
Growth of  Natural Gas (%),NA,2015,8,3.0,2015-08-01
Growth of  Natural Gas (%),NA,2015,9,0.1,2015-09-01
Growth of  Natural Gas (%),NA,2015,10,-2.0,2015-10-01
Growth of  Natural Gas (%),NA,2015,11,-4.0,2015-11-01
Growth of  Natural Gas (%),NA,2015,12,-6.2,2015-12-01
Growth of  Natural Gas (%),NA,2016,1,-15.6,2016-01-01
Growth of  Natural Gas (%),NA,2016,2,1.4,2016-02-01
Growth of  Natural Gas (%),NA,2016,3,-11.2,2016-03-01
Growth of  Natural Gas (%),NA,2016,4,-6.9,2016-04-01
Growth of  Natural Gas (%),NA,2016,5,-6.5,2016-05-01
Growth of  Natural Gas (%),NA,2016,6,-4.0,2016-06-01
Growth of  Natural Gas (%),NA,2016,7,4.1,2016-07-01
Growth of  Natural Gas (%),NA,2016,8,-5.9,2016-08-01
Growth of  Natural Gas (%),NA,2016,9,-5.9,2016-09-01
Growth of  Natural Gas (%),NA,2016,10,-1.5,2016-10-01
Growth of  Natural Gas (%),NA,2016,11,-2.1,2016-11-01
Growth of  Natural Gas (%),NA,2016,12,-0.38,2016-12-01
Growth of  Natural Gas (%),NA,2017,1,11.6,2017-01-01
Growth of  Natural Gas (%),NA,2017,2,-2.1,2017-02-01
Growth of  Natural Gas (%),NA,2017,3,9.6,2017-03-01
Growth of  Natural Gas (%),NA,2017,4,2.0,2017-04-01
Growth of  Natural Gas (%),NA,2017,5,4.5,2017-05-01
Growth of  Natural Gas (%),NA,2017,6,6.4,2017-06-01
Growth of  Natural Gas (%),NA,2017,7,6.6,2017-07-01
Growth of  Natural Gas (%),NA,2017,8,4.2,2017-08-01
Growth of  Natural Gas (%),NA,2017,9,6.3,2017-09-01
Growth of  Natural Gas (%),NA,2017,10,2.8,2017-10-01
Growth of  Natural Gas (%),NA,2017,11,2.4,2017-11-01
Growth of  Natural Gas (%),NA,2017,12,1.1,2017-12-01
Growth of  Natural Gas (%),NA,2018,1,-1.2,2018-01-01
Growth of  Natural Gas (%),NA,2018,2,-1.8,2018-02-01
Growth of  Natural Gas (%),NA,2018,3,1.0,2018-03-01
Growth of  Natural Gas (%),NA,2018,4,5.7,2018-04-01
Growth of  Natural Gas (%),NA,2018,5,-1.4,2018-05-01
Growth of  Natural Gas (%),NA,2018,6,-2.7,2018-06-01
Growth of  Natural Gas (%),NA,2018,7,-5.2,2018-07-01
Growth of  Natural Gas (%),NA,2018,8,1.0,2018-08-01
Growth of  Natural Gas (%),NA,2018,9,-1.7,2018-09-01
Growth of  Natural Gas (%),NA,2018,10,-0.9,2018-10-01
Growth of  Natural Gas (%),NA,2018,11,0.5,2018-11-01
Growth of  Natural Gas (%),NA,2018,12,4.2,2018-12-01
Growth of  Natural Gas (%),NA,2019,1,6.2,2019-01-01
Growth of  Natural Gas (%),NA,2019,2,3.8,2019-02-01
Growth of  Natural Gas (%),NA,2019,3,1.4,2019-03-01
Growth of  Natural Gas (%),NA,2019,4,-0.8,2019-04-01
Growth of  Natural Gas (%),NA,2019,5,-0.1,2019-05-01
Growth of  Natural Gas (%),NA,2019,6,-2.1,2019-06-01
Growth of  Natural Gas (%),NA,2019,7,-0.5,2019-07-01
Growth of  Natural Gas (%),NA,2019,8,-3.9,2019-08-01
Growth of  Natural Gas (%),NA,2019,9,-4.9,2019-09-01
Growth of  Natural Gas (%),NA,2019,10,-5.6,2019-10-01
Growth of  Natural Gas (%),NA,2019,11,-6.4,2019-11-01
Growth of  Natural Gas (%),NA,2019,12,-9.2,2019-12-01
Growth of  Natural Gas (%),NA,2020,1,-9.0,2020-01-01
Growth of  Natural Gas (%),NA,2020,2,-9.6,2020-02-01
Growth of  Natural Gas (%),NA,2020,3,-15.1,2020-03-01
Growth of  Natural Gas (%),NA,2020,4,-19.9,2020-04-01
Growth of  Natural Gas (%),NA,2020,5,-16.8,2020-05-01
Growth of  Natural Gas (%),NA,2020,6,-12.0,2020-06-01
Growth of  Natural Gas (%),NA,2020,7,-10.2,2020-07-01
Growth of  Natural Gas (%),NA,2020,8,-9.5,2020-08-01
Growth of  Natural Gas (%),NA,2020,9,-10.6,2020-09-01
Growth of  Natural Gas (%),NA,2020,10,-8.6,2020-10-01
Growth of  Natural Gas (%),NA,2020,11,-9.3,2020-11-01
Growth of  Natural Gas (%),NA,2020,12,-7.2,2020-12-01
Growth of  Natural Gas (%),NA,2021,1,-2.1,2021-01-01
Growth of  Natural Gas (%),NA,2021,2,-1.0,2021-02-01
Growth of  Natural Gas (%),NA,2021,3,12.3,2021-03-01
Growth of  Natural Gas (%),NA,2021,4,25.0,2021-04-01
Growth of  Natural Gas (%),NA,2021,5,20.1,2021-05-01
Growth of  Natural Gas (%),NA,2021,6,20.6,2021-06-01
Growth of  Natural Gas (%),NA,2021,7,19.0,2021-07-01
Growth of  Natural Gas (%),NA,2021,8,20.7,2021-08-01
Growth of  Natural Gas (%),NA,2021,9,27.5,2021-09-01
Growth of  Natural Gas (%),NA,2021,10,25.8,2021-10-01
Growth of  Natural Gas (%),NA,2021,11,23.7,2021-11-01
Growth of  Natural Gas (%),NA,2021,12,19.5,2021-12-01
Growth of  Natural Gas (%),NA,2022,1,11.7,2022-01-01
Growth of  Natural Gas (%),NA,2022,2,12.5,2022-02-01
Growth of  Natural Gas (%),NA,2022,3,7.6,2022-03-01
Growth of  Natural Gas (%),NA,2022,5,7.0,2022-05-01
Growth of  Natural Gas (%),NA,2022,6,1.2,2022-06-01
Growth of  Natural Gas (%),NA,2022,7,-0.3,2022-07-01
Growth of  Natural Gas (%),NA,2022,8,-0.9,2022-08-01
Growth of  Natural Gas (%),NA,2022,9,-1.7,2022-09-01
Growth of  Natural Gas (%),NA,2022,10,-4.2,2022-10-01
Growth of  Natural Gas (%),NA,2022,11,-0.7,2022-11-01
Growth of  Natural Gas (%),NA,2022,12,2.6,2022-12-01
Growth of  Natural Gas (%),NA,2023,1,5.2,2023-01-01
Growth of  Natural Gas (%),NA,2023,2,3.1,2023-02-01
Growth of  Natural Gas (%),NA,2023,3,2.7,2023-03-01
Growth of  Natural Gas (%),NA,2023,4,-2.9,2023-04-01
Growth of  Natural Gas (%),NA,2023,5,-0.3,2023-05-01
Growth of  Natural Gas (%),NA,2023,6,3.5,2023-06-01
Growth of  Natural Gas (%),NA,2023,7,8.9,2023-07-01
Growth of  Natural Gas (%),NA,2023,8,9.9,2023-08-01
Growth of  Natural Gas (%),NA,2023,9,6.6,2023-09-01
Growth of  Natural Gas (%),NA,2023,10,9.9,2023-10-01
Growth of  Natural Gas (%),NA,2023,11,7.6,2023-11-01
Growth of  Natural Gas (%),NA,2023,12,6.6,2023-12-01
Growth of  Natural Gas (%),NA,2024,1,5.5,2024-01-01
Growth of  Natural Gas (%),NA,2024,2,11.3,2024-02-01
Growth of  Natural Gas (%),NA,2024,3,6.3,2024-03-01
Growth of  Natural Gas (%),NA,2024,4,8.6,2024-04-01
Growth of  Natural Gas (%),NA,2024,5,7.5,2024-05-01
Growth of  Natural Gas (%),NA,2024,6,3.3,2024-06-01
Growth of  Natural Gas (%),NA,2024,7,-1.3,2024-07-01
Growth of Coal (%),NA,2012,4,3.8,2012-04-01
Growth of Coal (%),NA,2012,5,8.5,2012-05-01
Growth of Coal (%),NA,2012,6,7.2,2012-06-01
Growth of Coal (%),NA,2012,7,1.1,2012-07-01
Growth of Coal (%),NA,2012,8,10.0,2012-08-01
Growth of Coal (%),NA,2012,9,20.5,2012-09-01
Growth of Coal (%),NA,2012,10,10.6,2012-10-01
Growth of Coal (%),NA,2012,11,-4.0,2012-11-01
Growth of Coal (%),NA,2012,12,0.0,2012-12-01
Growth of Coal (%),NA,2013,1,2.3,2013-01-01
Growth of Coal (%),NA,2013,2,-8.3,2013-02-01
Growth of Coal (%),NA,2013,3,0.8,2013-03-01
Growth of Coal (%),NA,2013,4,1.5,2013-04-01
Growth of Coal (%),NA,2013,5,-4.4,2013-05-01
Growth of Coal (%),NA,2013,6,-3.3,2013-06-01
Growth of Coal (%),NA,2013,7,0.9,2013-07-01
Growth of Coal (%),NA,2013,8,5.9,2013-08-01
Growth of Coal (%),NA,2013,9,12.4,2013-09-01
Growth of Coal (%),NA,2013,10,-4.1,2013-10-01
Growth of Coal (%),NA,2013,11,2.1,2013-11-01
Growth of Coal (%),NA,2013,12,0.9,2013-12-01
Growth of Coal (%),NA,2014,1,0.9,2014-01-01
Growth of Coal (%),NA,2014,2,1.5,2014-02-01
Growth of Coal (%),NA,2014,3,0.3,2014-03-01
Growth of Coal (%),NA,2014,4,5.6,2014-04-01
Growth of Coal (%),NA,2014,5,6.2,2014-05-01
Growth of Coal (%),NA,2014,6,12.3,2014-06-01
Growth of Coal (%),NA,2014,7,5.5,2014-07-01
Growth of Coal (%),NA,2014,8,13.3,2014-08-01
Growth of Coal (%),NA,2014,9,7.7,2014-09-01
Growth of Coal (%),NA,2014,10,16.4,2014-10-01
Growth of Coal (%),NA,2014,11,15.6,2014-11-01
Growth of Coal (%),NA,2014,12,2.7,2014-12-01
Growth of Coal (%),NA,2015,1,0.7,2015-01-01
Growth of Coal (%),NA,2015,2,10.6,2015-02-01
Growth of Coal (%),NA,2015,3,4.8,2015-03-01
Growth of Coal (%),NA,2015,4,8.0,2015-04-01
Growth of Coal (%),NA,2015,5,8.0,2015-05-01
Growth of Coal (%),NA,2015,6,2.3,2015-06-01
Growth of Coal (%),NA,2015,7,0.6,2015-07-01
Growth of Coal (%),NA,2015,8,0.8,2015-08-01
Growth of Coal (%),NA,2015,9,2.5,2015-09-01
Growth of Coal (%),NA,2015,10,6.5,2015-10-01
Growth of Coal (%),NA,2015,11,3.1,2015-11-01
Growth of Coal (%),NA,2015,12,11.0,2015-12-01
Growth of Coal (%),NA,2016,1,9.4,2016-01-01
Growth of Coal (%),NA,2016,2,3.6,2016-02-01
Growth of Coal (%),NA,2016,3,1.3,2016-03-01
Growth of Coal (%),NA,2016,4,-1.8,2016-04-01
Growth of Coal (%),NA,2016,5,6.0,2016-05-01
Growth of Coal (%),NA,2016,6,12.1,2016-06-01
Growth of Coal (%),NA,2016,7,4.1,2016-07-01
Growth of Coal (%),NA,2016,8,-9.7,2016-08-01
Growth of Coal (%),NA,2016,9,-6.7,2016-09-01
Growth of Coal (%),NA,2016,10,-1.9,2016-10-01
Growth of Coal (%),NA,2016,11,6.1,2016-11-01
Growth of Coal (%),NA,2016,12,3.6,2016-12-01
Growth of Coal (%),NA,2017,1,3.5,2017-01-01
Growth of Coal (%),NA,2017,2,6.6,2017-02-01
Growth of Coal (%),NA,2017,3,10.6,2017-03-01
Growth of Coal (%),NA,2017,4,-3.3,2017-04-01
Growth of Coal (%),NA,2017,5,-3.2,2017-05-01
Growth of Coal (%),NA,2017,6,-6.7,2017-06-01
Growth of Coal (%),NA,2017,7,0.6,2017-07-01
Growth of Coal (%),NA,2017,8,15.4,2017-08-01
Growth of Coal (%),NA,2017,9,10.4,2017-09-01
Growth of Coal (%),NA,2017,10,3.9,2017-10-01
Growth of Coal (%),NA,2017,11,0.7,2017-11-01
Growth of Coal (%),NA,2017,12,0.4,2017-12-01
Growth of Coal (%),NA,2018,1,3.8,2018-01-01
Growth of Coal (%),NA,2018,2,1.3,2018-02-01
Growth of Coal (%),NA,2018,3,9.1,2018-03-01
Growth of Coal (%),NA,2018,4,15.2,2018-04-01
Growth of Coal (%),NA,2018,5,12.0,2018-05-01
Growth of Coal (%),NA,2018,6,11.5,2018-06-01
Growth of Coal (%),NA,2018,7,9.8,2018-07-01
Growth of Coal (%),NA,2018,8,2.4,2018-08-01
Growth of Coal (%),NA,2018,9,6.4,2018-09-01
Growth of Coal (%),NA,2018,10,11.3,2018-10-01
Growth of Coal (%),NA,2018,11,3.7,2018-11-01
Growth of Coal (%),NA,2018,12,1.1,2018-12-01
Growth of Coal (%),NA,2019,1,2.0,2019-01-01
Growth of Coal (%),NA,2019,2,7.4,2019-02-01
Growth of Coal (%),NA,2019,3,9.1,2019-03-01
Growth of Coal (%),NA,2019,4,3.2,2019-04-01
Growth of Coal (%),NA,2019,5,1.7,2019-05-01
Growth of Coal (%),NA,2019,6,2.9,2019-06-01
Growth of Coal (%),NA,2019,7,-1.6,2019-07-01
Growth of Coal (%),NA,2019,8,-8.6,2019-08-01
Growth of Coal (%),NA,2019,9,-20.5,2019-09-01
Growth of Coal (%),NA,2019,10,-17.6,2019-10-01
Growth of Coal (%),NA,2019,11,-3.5,2019-11-01
Growth of Coal (%),NA,2019,12,6.1,2019-12-01
Growth of Coal (%),NA,2020,1,8.0,2020-01-01
Growth of Coal (%),NA,2020,2,11.3,2020-02-01
Growth of Coal (%),NA,2020,3,4.0,2020-03-01
Growth of Coal (%),NA,2020,4,-15.5,2020-04-01
Growth of Coal (%),NA,2020,5,-14.0,2020-05-01
Growth of Coal (%),NA,2020,6,-15.5,2020-06-01
Growth of Coal (%),NA,2020,7,-5.7,2020-07-01
Growth of Coal (%),NA,2020,8,3.6,2020-08-01
Growth of Coal (%),NA,2020,9,21.0,2020-09-01
Growth of Coal (%),NA,2020,10,11.7,2020-10-01
Growth of Coal (%),NA,2020,11,3.3,2020-11-01
Growth of Coal (%),NA,2020,12,2.2,2020-12-01
Growth of Coal (%),NA,2021,1,-1.9,2021-01-01
Growth of Coal (%),NA,2021,2,-4.4,2021-02-01
Growth of Coal (%),NA,2021,3,0.3,2021-03-01
Growth of Coal (%),NA,2021,4,9.5,2021-04-01
Growth of Coal (%),NA,2021,5,7.0,2021-05-01
Growth of Coal (%),NA,2021,6,7.4,2021-06-01
Growth of Coal (%),NA,2021,7,18.8,2021-07-01
Growth of Coal (%),NA,2021,8,20.6,2021-08-01
Growth of Coal (%),NA,2021,9,7.8,2021-09-01
Growth of Coal (%),NA,2021,10,14.7,2021-10-01
Growth of Coal (%),NA,2021,11,8.2,2021-11-01
Growth of Coal (%),NA,2021,12,5.2,2021-12-01
Growth of Coal (%),NA,2022,1,8.2,2022-01-01
Growth of Coal (%),NA,2022,2,6.6,2022-02-01
Growth of Coal (%),NA,2022,3,0.3,2022-03-01
Growth of Coal (%),NA,2022,5,33.5,2022-05-01
Growth of Coal (%),NA,2022,6,32.1,2022-06-01
Growth of Coal (%),NA,2022,7,11.4,2022-07-01
Growth of Coal (%),NA,2022,8,7.7,2022-08-01
Growth of Coal (%),NA,2022,9,12.1,2022-09-01
Growth of Coal (%),NA,2022,10,3.8,2022-10-01
Growth of Coal (%),NA,2022,11,12.3,2022-11-01
Growth of Coal (%),NA,2022,12,12.3,2022-12-01
Growth of Coal (%),NA,2023,1,13.6,2023-01-01
Growth of Coal (%),NA,2023,2,9.0,2023-02-01
Growth of Coal (%),NA,2023,3,11.7,2023-03-01
Growth of Coal (%),NA,2023,4,9.1,2023-04-01
Growth of Coal (%),NA,2023,5,7.2,2023-05-01
Growth of Coal (%),NA,2023,6,9.8,2023-06-01
Growth of Coal (%),NA,2023,7,14.9,2023-07-01
Growth of Coal (%),NA,2023,8,17.9,2023-08-01
Growth of Coal (%),NA,2023,9,16.0,2023-09-01
Growth of Coal (%),NA,2023,10,18.4,2023-10-01
Growth of Coal (%),NA,2023,11,10.9,2023-11-01
Growth of Coal (%),NA,2023,12,10.8,2023-12-01
Growth of Coal (%),NA,2024,1,10.6,2024-01-01
Growth of Coal (%),NA,2024,2,11.6,2024-02-01
Growth of Coal (%),NA,2024,3,8.7,2024-03-01
Growth of Coal (%),NA,2024,4,7.5,2024-04-01
Growth of Coal (%),NA,2024,5,10.2,2024-05-01
Growth of Coal (%),NA,2024,6,14.8,2024-06-01
Growth of Coal (%),NA,2024,7,6.8,2024-07-01
Index of Coal,NA,2011,4,90.4,2011-04-01
Index of Coal,NA,2011,5,91.7,2011-05-01
Index of Coal,NA,2011,6,86.5,2011-06-01
Index of Coal,NA,2011,7,86.8,2011-07-01
Index of Coal,NA,2011,8,73.1,2011-08-01
Index of Coal,NA,2011,9,67.0,2011-09-01
Index of Coal,NA,2011,10,89.1,2011-10-01
Index of Coal,NA,2011,11,107.0,2011-11-01
Index of Coal,NA,2011,12,119.0,2011-12-01
Index of Coal,NA,2012,1,122.4,2012-01-01
Index of Coal,NA,2012,2,124.4,2012-02-01
Index of Coal,NA,2012,3,142.7,2012-03-01
Index of Coal,NA,2012,4,93.8,2012-04-01
Index of Coal,NA,2012,5,99.4,2012-05-01
Index of Coal,NA,2012,6,92.7,2012-06-01
Index of Coal,NA,2012,7,87.8,2012-07-01
Index of Coal,NA,2012,8,80.4,2012-08-01
Index of Coal,NA,2012,9,80.7,2012-09-01
Index of Coal,NA,2012,10,98.5,2012-10-01
Index of Coal,NA,2012,11,102.7,2012-11-01
Index of Coal,NA,2012,12,119.1,2012-12-01
Index of Coal,NA,2013,1,125.2,2013-01-01
Index of Coal,NA,2013,2,114.1,2013-02-01
Index of Coal,NA,2013,3,143.9,2013-03-01
Index of Coal,NA,2013,4,95.2,2013-04-01
Index of Coal,NA,2013,5,95.0,2013-05-01
Index of Coal,NA,2013,6,89.7,2013-06-01
Index of Coal,NA,2013,7,88.6,2013-07-01
Index of Coal,NA,2013,8,85.1,2013-08-01
Index of Coal,NA,2013,9,90.7,2013-09-01
Index of Coal,NA,2013,10,94.4,2013-10-01
Index of Coal,NA,2013,11,104.8,2013-11-01
Index of Coal,NA,2013,12,120.2,2013-12-01
Index of Coal,NA,2014,1,126.3,2014-01-01
Index of Coal,NA,2014,2,115.8,2014-02-01
Index of Coal,NA,2014,3,144.3,2014-03-01
Index of Coal,NA,2014,4,100.5,2014-04-01
Index of Coal,NA,2014,5,100.9,2014-05-01
Index of Coal,NA,2014,6,100.7,2014-06-01
Index of Coal,NA,2014,7,93.4,2014-07-01
Index of Coal,NA,2014,8,96.4,2014-08-01
Index of Coal,NA,2014,9,97.7,2014-09-01
Index of Coal,NA,2014,10,109.9,2014-10-01
Index of Coal,NA,2014,11,121.1,2014-11-01
Index of Coal,NA,2014,12,123.5,2014-12-01
Index of Coal,NA,2015,1,127.2,2015-01-01
Index of Coal,NA,2015,2,128.1,2015-02-01
Index of Coal,NA,2015,3,151.3,2015-03-01
Index of Coal,NA,2015,4,108.5,2015-04-01
Index of Coal,NA,2015,5,108.9,2015-05-01
Index of Coal,NA,2015,6,102.9,2015-06-01
Index of Coal,NA,2015,7,94.0,2015-07-01
Index of Coal,NA,2015,8,97.2,2015-08-01
Index of Coal,NA,2015,9,100.1,2015-09-01
Index of Coal,NA,2015,10,117.0,2015-10-01
Index of Coal,NA,2015,11,124.9,2015-11-01
Index of Coal,NA,2015,12,137.1,2015-12-01
Index of Coal,NA,2016,1,139.2,2016-01-01
Index of Coal,NA,2016,2,132.7,2016-02-01
Index of Coal,NA,2016,3,153.3,2016-03-01
Index of Coal,NA,2016,4,106.6,2016-04-01
Index of Coal,NA,2016,5,115.4,2016-05-01
Index of Coal,NA,2016,6,115.4,2016-06-01
Index of Coal,NA,2016,7,97.9,2016-07-01
Index of Coal,NA,2016,8,87.8,2016-08-01
Index of Coal,NA,2016,9,93.4,2016-09-01
Index of Coal,NA,2016,10,114.9,2016-10-01
Index of Coal,NA,2016,11,132.5,2016-11-01
Index of Coal,NA,2016,12,142.0,2016-12-01
Index of Coal,NA,2017,1,144.1,2017-01-01
Index of Coal,NA,2017,2,141.4,2017-02-01
Index of Coal,NA,2017,3,169.5,2017-03-01
Index of Coal,NA,2017,4,103.1,2017-04-01
Index of Coal,NA,2017,5,111.8,2017-05-01
Index of Coal,NA,2017,6,107.6,2017-06-01
Index of Coal,NA,2017,7,98.5,2017-07-01
Index of Coal,NA,2017,8,101.3,2017-08-01
Index of Coal,NA,2017,9,103.1,2017-09-01
Index of Coal,NA,2017,10,119.4,2017-10-01
Index of Coal,NA,2017,11,133.5,2017-11-01
Index of Coal,NA,2017,12,142.6,2017-12-01
Index of Coal,NA,2018,1,149.5,2018-01-01
Index of Coal,NA,2018,2,143.2,2018-02-01
Index of Coal,NA,2018,3,184.9,2018-03-01
Index of Coal,NA,2018,4,118.8,2018-04-01
Index of Coal,NA,2018,5,125.2,2018-05-01
Index of Coal,NA,2018,6,120.0,2018-06-01
Index of Coal,NA,2018,7,108.1,2018-07-01
Index of Coal,NA,2018,8,103.8,2018-08-01
Index of Coal,NA,2018,9,109.8,2018-09-01
Index of Coal,NA,2018,10,132.9,2018-10-01
Index of Coal,NA,2018,11,138.4,2018-11-01
Index of Coal,NA,2018,12,144.1,2018-12-01
Index of Coal,NA,2019,1,152.5,2019-01-01
Index of Coal,NA,2019,2,153.8,2019-02-01
Index of Coal,NA,2019,3,201.7,2019-03-01
Index of Coal,NA,2019,4,122.6,2019-04-01
Index of Coal,NA,2019,5,127.3,2019-05-01
Index of Coal,NA,2019,6,123.5,2019-06-01
Index of Coal,NA,2019,7,106.4,2019-07-01
Index of Coal,NA,2019,8,94.8,2019-08-01
Index of Coal,NA,2019,9,87.3,2019-09-01
Index of Coal,NA,2019,10,109.6,2019-10-01
Index of Coal,NA,2019,11,133.6,2019-11-01
Index of Coal,NA,2019,12,152.9,2019-12-01
Index of Coal,NA,2020,1,164.7,2020-01-01
Index of Coal,NA,2020,2,171.1,2020-02-01
Index of Coal,NA,2020,3,209.7,2020-03-01
Index of Coal,NA,2020,4,103.7,2020-04-01
Index of Coal,NA,2020,5,109.4,2020-05-01
Index of Coal,NA,2020,6,104.3,2020-06-01
Index of Coal,NA,2020,7,100.3,2020-07-01
Index of Coal,NA,2020,8,98.2,2020-08-01
Index of Coal,NA,2020,9,105.6,2020-09-01
Index of Coal,NA,2020,10,122.4,2020-10-01
Index of Coal,NA,2020,11,137.9,2020-11-01
Index of Coal,NA,2020,12,156.2,2020-12-01
Index of Coal,NA,2021,1,161.6,2021-01-01
Index of Coal,NA,2021,2,163.6,2021-02-01
Index of Coal,NA,2021,3,210.3,2021-03-01
Index of Coal,NA,2021,4,113.5,2021-04-01
Index of Coal,NA,2021,5,117.1,2021-05-01
Index of Coal,NA,2021,6,112.1,2021-06-01
Index of Coal,NA,2021,7,119.2,2021-07-01
Index of Coal,NA,2021,8,118.4,2021-08-01
Index of Coal,NA,2021,9,113.8,2021-09-01
Index of Coal,NA,2021,10,140.4,2021-10-01
Index of Coal,NA,2021,11,149.2,2021-11-01
Index of Coal,NA,2021,12,164.3,2021-12-01
Index of Coal,NA,2022,1,174.8,2022-01-01
Index of Coal,NA,2022,2,174.4,2022-02-01
Index of Coal,NA,2022,3,210.8,2022-03-01
Index of Coal,NA,2022,5,156.3,2022-05-01
Index of Coal,NA,2022,6,148.0,2022-06-01
Index of Coal,NA,2022,7,132.7,2022-07-01
Index of Coal,NA,2022,8,127.5,2022-08-01
Index of Coal,NA,2022,9,127.5,2022-09-01
Index of Coal,NA,2022,10,145.8,2022-10-01
Index of Coal,NA,2022,11,167.5,2022-11-01
Index of Coal,NA,2022,12,184.4,2022-12-01
Index of Coal,NA,2023,1,198.6,2023-01-01
Index of Coal,NA,2023,2,190.1,2023-02-01
Index of Coal,NA,2023,3,235.5,2023-03-01
Index of Coal,NA,2023,4,161.2,2023-04-01
Index of Coal,NA,2023,5,167.6,2023-05-01
Index of Coal,NA,2023,6,162.4,2023-06-01
Index of Coal,NA,2023,7,152.6,2023-07-01
Index of Coal,NA,2023,8,150.3,2023-08-01
Index of Coal,NA,2023,9,147.9,2023-09-01
Index of Coal,NA,2023,10,172.6,2023-10-01
Index of Coal,NA,2023,11,185.7,2023-11-01
Index of Coal,NA,2023,12,204.3,2023-12-01
Index of Coal,NA,2024,1,219.6,2024-01-01
Index of Coal,NA,2024,2,212.1,2024-02-01
Index of Coal,NA,2024,3,256.0,2024-03-01
Index of Coal,NA,2024,4,173.3,2024-04-01
Index of Coal,NA,2024,5,184.7,2024-05-01
Index of Coal,NA,2024,6,186.4,2024-06-01
Index of Coal,NA,2024,7,163.0,2024-07-01
Index of Fertilizers,NA,2011,4,83.4,2011-04-01
Index of Fertilizers,NA,2011,5,97.9,2011-05-01
Index of Fertilizers,NA,2011,6,99.8,2011-06-01
Index of Fertilizers,NA,2011,7,105.1,2011-07-01
Index of Fertilizers,NA,2011,8,104.8,2011-08-01
Index of Fertilizers,NA,2011,9,99.8,2011-09-01
Index of Fertilizers,NA,2011,10,107.2,2011-10-01
Index of Fertilizers,NA,2011,11,103.8,2011-11-01
Index of Fertilizers,NA,2011,12,105.6,2011-12-01
Index of Fertilizers,NA,2012,1,105.7,2012-01-01
Index of Fertilizers,NA,2012,2,95.2,2012-02-01
Index of Fertilizers,NA,2012,3,91.7,2012-03-01
Index of Fertilizers,NA,2012,4,71.4,2012-04-01
Index of Fertilizers,NA,2012,5,84.1,2012-05-01
Index of Fertilizers,NA,2012,6,93.4,2012-06-01
Index of Fertilizers,NA,2012,7,104.1,2012-07-01
Index of Fertilizers,NA,2012,8,104.9,2012-08-01
Index of Fertilizers,NA,2012,9,106.1,2012-09-01
Index of Fertilizers,NA,2012,10,109.5,2012-10-01
Index of Fertilizers,NA,2012,11,104.4,2012-11-01
Index of Fertilizers,NA,2012,12,101.4,2012-12-01
Index of Fertilizers,NA,2013,1,97.3,2013-01-01
Index of Fertilizers,NA,2013,2,89.9,2013-02-01
Index of Fertilizers,NA,2013,3,93.9,2013-03-01
Index of Fertilizers,NA,2013,4,73.8,2013-04-01
Index of Fertilizers,NA,2013,5,81.4,2013-05-01
Index of Fertilizers,NA,2013,6,93.5,2013-06-01
Index of Fertilizers,NA,2013,7,104.0,2013-07-01
Index of Fertilizers,NA,2013,8,106.9,2013-08-01
Index of Fertilizers,NA,2013,9,110.6,2013-09-01
Index of Fertilizers,NA,2013,10,112.6,2013-10-01
Index of Fertilizers,NA,2013,11,103.9,2013-11-01
Index of Fertilizers,NA,2013,12,107.5,2013-12-01
Index of Fertilizers,NA,2014,1,102.6,2014-01-01
Index of Fertilizers,NA,2014,2,92.1,2014-02-01
Index of Fertilizers,NA,2014,3,88.4,2014-03-01
Index of Fertilizers,NA,2014,4,83.4,2014-04-01
Index of Fertilizers,NA,2014,5,95.7,2014-05-01
Index of Fertilizers,NA,2014,6,97.2,2014-06-01
Index of Fertilizers,NA,2014,7,99.9,2014-07-01
Index of Fertilizers,NA,2014,8,101.6,2014-08-01
Index of Fertilizers,NA,2014,9,100.0,2014-09-01
Index of Fertilizers,NA,2014,10,106.7,2014-10-01
Index of Fertilizers,NA,2014,11,106.1,2014-11-01
Index of Fertilizers,NA,2014,12,109.5,2014-12-01
Index of Fertilizers,NA,2015,1,108.7,2015-01-01
Index of Fertilizers,NA,2015,2,93.3,2015-02-01
Index of Fertilizers,NA,2015,3,90.5,2015-03-01
Index of Fertilizers,NA,2015,4,86.4,2015-04-01
Index of Fertilizers,NA,2015,5,98.4,2015-05-01
Index of Fertilizers,NA,2015,6,104.1,2015-06-01
Index of Fertilizers,NA,2015,7,112.0,2015-07-01
Index of Fertilizers,NA,2015,8,113.3,2015-08-01
Index of Fertilizers,NA,2015,9,113.7,2015-09-01
Index of Fertilizers,NA,2015,10,112.6,2015-10-01
Index of Fertilizers,NA,2015,11,107.0,2015-11-01
Index of Fertilizers,NA,2015,12,112.0,2015-12-01
Index of Fertilizers,NA,2016,1,108.5,2016-01-01
Index of Fertilizers,NA,2016,2,101.3,2016-02-01
Index of Fertilizers,NA,2016,3,106.8,2016-03-01
Index of Fertilizers,NA,2016,4,83.8,2016-04-01
Index of Fertilizers,NA,2016,5,104.5,2016-05-01
Index of Fertilizers,NA,2016,6,110.3,2016-06-01
Index of Fertilizers,NA,2016,7,108.4,2016-07-01
Index of Fertilizers,NA,2016,8,116.2,2016-08-01
Index of Fertilizers,NA,2016,9,114.1,2016-09-01
Index of Fertilizers,NA,2016,10,113.4,2016-10-01
Index of Fertilizers,NA,2016,11,111.5,2016-11-01
Index of Fertilizers,NA,2016,12,108.8,2016-12-01
Index of Fertilizers,NA,2017,1,107.2,2017-01-01
Index of Fertilizers,NA,2017,2,97.2,2017-02-01
Index of Fertilizers,NA,2017,3,103.6,2017-03-01
Index of Fertilizers,NA,2017,4,89.0,2017-04-01
Index of Fertilizers,NA,2017,5,98.3,2017-05-01
Index of Fertilizers,NA,2017,6,107.3,2017-06-01
Index of Fertilizers,NA,2017,7,108.6,2017-07-01
Index of Fertilizers,NA,2017,8,115.4,2017-08-01
Index of Fertilizers,NA,2017,9,105.3,2017-09-01
Index of Fertilizers,NA,2017,10,116.8,2017-10-01
Index of Fertilizers,NA,2017,11,111.8,2017-11-01
Index of Fertilizers,NA,2017,12,112.1,2017-12-01
Index of Fertilizers,NA,2018,1,105.5,2018-01-01
Index of Fertilizers,NA,2018,2,102.2,2018-02-01
Index of Fertilizers,NA,2018,3,107.0,2018-03-01
Index of Fertilizers,NA,2018,4,93.1,2018-04-01
Index of Fertilizers,NA,2018,5,106.6,2018-05-01
Index of Fertilizers,NA,2018,6,108.3,2018-06-01
Index of Fertilizers,NA,2018,7,110.0,2018-07-01
Index of Fertilizers,NA,2018,8,109.4,2018-08-01
Index of Fertilizers,NA,2018,9,108.0,2018-09-01
Index of Fertilizers,NA,2018,10,103.3,2018-10-01
Index of Fertilizers,NA,2018,11,102.7,2018-11-01
Index of Fertilizers,NA,2018,12,109.4,2018-12-01
Index of Fertilizers,NA,2019,1,116.6,2019-01-01
Index of Fertilizers,NA,2019,2,104.8,2019-02-01
Index of Fertilizers,NA,2019,3,111.5,2019-03-01
Index of Fertilizers,NA,2019,4,89.0,2019-04-01
Index of Fertilizers,NA,2019,5,105.5,2019-05-01
Index of Fertilizers,NA,2019,6,110.0,2019-06-01
Index of Fertilizers,NA,2019,7,111.7,2019-07-01
Index of Fertilizers,NA,2019,8,112.6,2019-08-01
Index of Fertilizers,NA,2019,9,113.9,2019-09-01
Index of Fertilizers,NA,2019,10,115.5,2019-10-01
Index of Fertilizers,NA,2019,11,116.7,2019-11-01
Index of Fertilizers,NA,2019,12,120.5,2019-12-01
Index of Fertilizers,NA,2020,1,116.5,2020-01-01
Index of Fertilizers,NA,2020,2,107.8,2020-02-01
Index of Fertilizers,NA,2020,3,98.3,2020-03-01
Index of Fertilizers,NA,2020,4,85.0,2020-04-01
Index of Fertilizers,NA,2020,5,113.4,2020-05-01
Index of Fertilizers,NA,2020,6,114.6,2020-06-01
Index of Fertilizers,NA,2020,7,119.4,2020-07-01
Index of Fertilizers,NA,2020,8,120.8,2020-08-01
Index of Fertilizers,NA,2020,9,113.5,2020-09-01
Index of Fertilizers,NA,2020,10,122.8,2020-10-01
Index of Fertilizers,NA,2020,11,118.5,2020-11-01
Index of Fertilizers,NA,2020,12,117.0,2020-12-01
Index of Fertilizers,NA,2021,1,117.5,2021-01-01
Index of Fertilizers,NA,2021,2,103.9,2021-02-01
Index of Fertilizers,NA,2021,3,93.4,2021-03-01
Index of Fertilizers,NA,2021,4,88.3,2021-04-01
Index of Fertilizers,NA,2021,5,102.5,2021-05-01
Index of Fertilizers,NA,2021,6,116.9,2021-06-01
Index of Fertilizers,NA,2021,7,120.1,2021-07-01
Index of Fertilizers,NA,2021,8,117.0,2021-08-01
Index of Fertilizers,NA,2021,9,113.6,2021-09-01
Index of Fertilizers,NA,2021,10,122.9,2021-10-01
Index of Fertilizers,NA,2021,11,121.4,2021-11-01
Index of Fertilizers,NA,2021,12,121.1,2021-12-01
Index of Fertilizers,NA,2022,1,115.2,2022-01-01
Index of Fertilizers,NA,2022,2,102.4,2022-02-01
Index of Fertilizers,NA,2022,3,107.7,2022-03-01
Index of Fertilizers,NA,2022,5,126.0,2022-05-01
Index of Fertilizers,NA,2022,6,126.4,2022-06-01
Index of Fertilizers,NA,2022,7,127.6,2022-07-01
Index of Fertilizers,NA,2022,8,130.9,2022-08-01
Index of Fertilizers,NA,2022,9,127.0,2022-09-01
Index of Fertilizers,NA,2022,10,129.5,2022-10-01
Index of Fertilizers,NA,2022,11,129.2,2022-11-01
Index of Fertilizers,NA,2022,12,129.9,2022-12-01
Index of Fertilizers,NA,2023,1,135.8,2023-01-01
Index of Fertilizers,NA,2023,2,125.2,2023-02-01
Index of Fertilizers,NA,2023,3,118.1,2023-03-01
Index of Fertilizers,NA,2023,4,118.7,2023-04-01
Index of Fertilizers,NA,2023,5,138.2,2023-05-01
Index of Fertilizers,NA,2023,6,130.8,2023-06-01
Index of Fertilizers,NA,2023,7,131.8,2023-07-01
Index of Fertilizers,NA,2023,8,133.3,2023-08-01
Index of Fertilizers,NA,2023,9,132.3,2023-09-01
Index of Fertilizers,NA,2023,10,136.4,2023-10-01
Index of Fertilizers,NA,2023,11,133.5,2023-11-01
Index of Fertilizers,NA,2023,12,137.5,2023-12-01
Index of Fertilizers,NA,2024,1,135.0,2024-01-01
Index of Fertilizers,NA,2024,2,113.3,2024-02-01
Index of Fertilizers,NA,2024,3,116.6,2024-03-01
Index of Fertilizers,NA,2024,4,117.8,2024-04-01
Index of Fertilizers,NA,2024,5,135.9,2024-05-01
Index of Fertilizers,NA,2024,6,134.0,2024-06-01
Index of Fertilizers,NA,2024,7,138.8,2024-07-01
Overall Index (Base:2011-12=100),NA,2011,4,97.5,2011-04-01
Overall Index (Base:2011-12=100),NA,2011,5,100.0,2011-05-01
Overall Index (Base:2011-12=100),NA,2011,6,96.9,2011-06-01
Overall Index (Base:2011-12=100),NA,2011,7,99.3,2011-07-01
Overall Index (Base:2011-12=100),NA,2011,8,97.5,2011-08-01
Overall Index (Base:2011-12=100),NA,2011,9,92.2,2011-09-01
Overall Index (Base:2011-12=100),NA,2011,10,99.3,2011-10-01
Overall Index (Base:2011-12=100),NA,2011,11,99.3,2011-11-01
Overall Index (Base:2011-12=100),NA,2011,12,104.2,2011-12-01
Overall Index (Base:2011-12=100),NA,2012,1,104.5,2012-01-01
Overall Index (Base:2011-12=100),NA,2012,2,100.1,2012-02-01
Overall Index (Base:2011-12=100),NA,2012,3,109.3,2012-03-01
Overall Index (Base:2011-12=100),NA,2012,4,99.5,2012-04-01
Overall Index (Base:2011-12=100),NA,2012,5,106.0,2012-05-01
Overall Index (Base:2011-12=100),NA,2012,6,101.3,2012-06-01
Overall Index (Base:2011-12=100),NA,2012,7,103.5,2012-07-01
Overall Index (Base:2011-12=100),NA,2012,8,99.9,2012-08-01
Overall Index (Base:2011-12=100),NA,2012,9,96.8,2012-09-01
Overall Index (Base:2011-12=100),NA,2012,10,104.8,2012-10-01
Overall Index (Base:2011-12=100),NA,2012,11,102.1,2012-11-01
Overall Index (Base:2011-12=100),NA,2012,12,108.6,2012-12-01
Overall Index (Base:2011-12=100),NA,2013,1,109.7,2013-01-01
Overall Index (Base:2011-12=100),NA,2013,2,99.9,2013-02-01
Overall Index (Base:2011-12=100),NA,2013,3,113.6,2013-03-01
Overall Index (Base:2011-12=100),NA,2013,4,101.9,2013-04-01
Overall Index (Base:2011-12=100),NA,2013,5,107.6,2013-05-01
Overall Index (Base:2011-12=100),NA,2013,6,101.3,2013-06-01
Overall Index (Base:2011-12=100),NA,2013,7,105.8,2013-07-01
Overall Index (Base:2011-12=100),NA,2013,8,104.1,2013-08-01
Overall Index (Base:2011-12=100),NA,2013,9,104.5,2013-09-01
Overall Index (Base:2011-12=100),NA,2013,10,103.8,2013-10-01
Overall Index (Base:2011-12=100),NA,2013,11,102.7,2013-11-01
Overall Index (Base:2011-12=100),NA,2013,12,111.7,2013-12-01
Overall Index (Base:2011-12=100),NA,2014,1,112.5,2014-01-01
Overall Index (Base:2011-12=100),NA,2014,2,104.8,2014-02-01
Overall Index (Base:2011-12=100),NA,2014,3,116.9,2014-03-01
Overall Index (Base:2011-12=100),NA,2014,4,107.0,2014-04-01
Overall Index (Base:2011-12=100),NA,2014,5,113.2,2014-05-01
Overall Index (Base:2011-12=100),NA,2014,6,111.1,2014-06-01
Overall Index (Base:2011-12=100),NA,2014,7,110.2,2014-07-01
Overall Index (Base:2011-12=100),NA,2014,8,109.8,2014-08-01
Overall Index (Base:2011-12=100),NA,2014,9,108.0,2014-09-01
Overall Index (Base:2011-12=100),NA,2014,10,113.0,2014-10-01
Overall Index (Base:2011-12=100),NA,2014,11,112.3,2014-11-01
Overall Index (Base:2011-12=100),NA,2014,12,115.4,2014-12-01
Overall Index (Base:2011-12=100),NA,2015,1,115.8,2015-01-01
Overall Index (Base:2011-12=100),NA,2015,2,108.0,2015-02-01
Overall Index (Base:2011-12=100),NA,2015,3,116.9,2015-03-01
Overall Index (Base:2011-12=100),NA,2015,4,106.4,2015-04-01
Overall Index (Base:2011-12=100),NA,2015,5,115.9,2015-05-01
Overall Index (Base:2011-12=100),NA,2015,6,112.7,2015-06-01
Overall Index (Base:2011-12=100),NA,2015,7,113.5,2015-07-01
Overall Index (Base:2011-12=100),NA,2015,8,114.3,2015-08-01
Overall Index (Base:2011-12=100),NA,2015,9,110.6,2015-09-01
Overall Index (Base:2011-12=100),NA,2015,10,114.4,2015-10-01
Overall Index (Base:2011-12=100),NA,2015,11,112.5,2015-11-01
Overall Index (Base:2011-12=100),NA,2015,12,117.5,2015-12-01
Overall Index (Base:2011-12=100),NA,2016,1,120.7,2016-01-01
Overall Index (Base:2011-12=100),NA,2016,2,116.3,2016-02-01
Overall Index (Base:2011-12=100),NA,2016,3,125.9,2016-03-01
Overall Index (Base:2011-12=100),NA,2016,4,115.7,2016-04-01
Overall Index (Base:2011-12=100),NA,2016,5,122.0,2016-05-01
Overall Index (Base:2011-12=100),NA,2016,6,120.5,2016-06-01
Overall Index (Base:2011-12=100),NA,2016,7,117.0,2016-07-01
Overall Index (Base:2011-12=100),NA,2016,8,117.8,2016-08-01
Overall Index (Base:2011-12=100),NA,2016,9,116.5,2016-09-01
Overall Index (Base:2011-12=100),NA,2016,10,122.5,2016-10-01
Overall Index (Base:2011-12=100),NA,2016,11,116.1,2016-11-01
Overall Index (Base:2011-12=100),NA,2016,12,124.1,2016-12-01
Overall Index (Base:2011-12=100),NA,2017,1,124.8,2017-01-01
Overall Index (Base:2011-12=100),NA,2017,2,116.9,2017-02-01
Overall Index (Base:2011-12=100),NA,2017,3,132.5,2017-03-01
Overall Index (Base:2011-12=100),NA,2017,4,118.7,2017-04-01
Overall Index (Base:2011-12=100),NA,2017,5,126.8,2017-05-01
Overall Index (Base:2011-12=100),NA,2017,6,121.7,2017-06-01
Overall Index (Base:2011-12=100),NA,2017,7,120.4,2017-07-01
Overall Index (Base:2011-12=100),NA,2017,8,123.0,2017-08-01
Overall Index (Base:2011-12=100),NA,2017,9,122.0,2017-09-01
Overall Index (Base:2011-12=100),NA,2017,10,128.7,2017-10-01
Overall Index (Base:2011-12=100),NA,2017,11,124.1,2017-11-01
Overall Index (Base:2011-12=100),NA,2017,12,128.8,2017-12-01
Overall Index (Base:2011-12=100),NA,2018,1,132.5,2018-01-01
Overall Index (Base:2011-12=100),NA,2018,2,123.2,2018-02-01
Overall Index (Base:2011-12=100),NA,2018,3,138.5,2018-03-01
Overall Index (Base:2011-12=100),NA,2018,4,124.3,2018-04-01
Overall Index (Base:2011-12=100),NA,2018,5,131.9,2018-05-01
Overall Index (Base:2011-12=100),NA,2018,6,131.2,2018-06-01
Overall Index (Base:2011-12=100),NA,2018,7,129.2,2018-07-01
Overall Index (Base:2011-12=100),NA,2018,8,128.8,2018-08-01
Overall Index (Base:2011-12=100),NA,2018,9,127.2,2018-09-01
Overall Index (Base:2011-12=100),NA,2018,10,134.8,2018-10-01
Overall Index (Base:2011-12=100),NA,2018,11,128.3,2018-11-01
Overall Index (Base:2011-12=100),NA,2018,12,131.5,2018-12-01
Overall Index (Base:2011-12=100),NA,2019,1,134.5,2019-01-01
Overall Index (Base:2011-12=100),NA,2019,2,125.9,2019-02-01
Overall Index (Base:2011-12=100),NA,2019,3,146.5,2019-03-01
Overall Index (Base:2011-12=100),NA,2019,4,130.7,2019-04-01
Overall Index (Base:2011-12=100),NA,2019,5,137.0,2019-05-01
Overall Index (Base:2011-12=100),NA,2019,6,132.8,2019-06-01
Overall Index (Base:2011-12=100),NA,2019,7,132.6,2019-07-01
Overall Index (Base:2011-12=100),NA,2019,8,128.5,2019-08-01
Overall Index (Base:2011-12=100),NA,2019,9,120.7,2019-09-01
Overall Index (Base:2011-12=100),NA,2019,10,127.4,2019-10-01
Overall Index (Base:2011-12=100),NA,2019,11,129.2,2019-11-01
Overall Index (Base:2011-12=100),NA,2019,12,135.5,2019-12-01
Overall Index (Base:2011-12=100),NA,2020,1,137.4,2020-01-01
Overall Index (Base:2011-12=100),NA,2020,2,134.0,2020-02-01
Overall Index (Base:2011-12=100),NA,2020,3,134.0,2020-03-01
Overall Index (Base:2011-12=100),NA,2020,4,81.2,2020-04-01
Overall Index (Base:2011-12=100),NA,2020,5,107.7,2020-05-01
Overall Index (Base:2011-12=100),NA,2020,6,116.3,2020-06-01
Overall Index (Base:2011-12=100),NA,2020,7,122.5,2020-07-01
Overall Index (Base:2011-12=100),NA,2020,8,119.7,2020-08-01
Overall Index (Base:2011-12=100),NA,2020,9,121.4,2020-09-01
Overall Index (Base:2011-12=100),NA,2020,10,126.7,2020-10-01
Overall Index (Base:2011-12=100),NA,2020,11,127.7,2020-11-01
Overall Index (Base:2011-12=100),NA,2020,12,136.1,2020-12-01
Overall Index (Base:2011-12=100),NA,2021,1,139.2,2021-01-01
Overall Index (Base:2011-12=100),NA,2021,2,129.6,2021-02-01
Overall Index (Base:2011-12=100),NA,2021,3,150.8,2021-03-01
Overall Index (Base:2011-12=100),NA,2021,4,132.0,2021-04-01
Overall Index (Base:2011-12=100),NA,2021,5,125.4,2021-05-01
Overall Index (Base:2011-12=100),NA,2021,6,127.2,2021-06-01
Overall Index (Base:2011-12=100),NA,2021,7,134.7,2021-07-01
Overall Index (Base:2011-12=100),NA,2021,8,134.2,2021-08-01
Overall Index (Base:2011-12=100),NA,2021,9,128.0,2021-09-01
Overall Index (Base:2011-12=100),NA,2021,10,137.8,2021-10-01
Overall Index (Base:2011-12=100),NA,2021,11,131.8,2021-11-01
Overall Index (Base:2011-12=100),NA,2021,12,141.7,2021-12-01
Overall Index (Base:2011-12=100),NA,2022,1,144.8,2022-01-01
Overall Index (Base:2011-12=100),NA,2022,2,137.1,2022-02-01
Overall Index (Base:2011-12=100),NA,2022,3,158.0,2022-03-01
Overall Index (Base:2011-12=100),NA,2022,5,149.6,2022-05-01
Overall Index (Base:2011-12=100),NA,2022,6,143.9,2022-06-01
Overall Index (Base:2011-12=100),NA,2022,7,141.1,2022-07-01
Overall Index (Base:2011-12=100),NA,2022,8,139.9,2022-08-01
Overall Index (Base:2011-12=100),NA,2022,9,138.6,2022-09-01
Overall Index (Base:2011-12=100),NA,2022,10,138.8,2022-10-01
Overall Index (Base:2011-12=100),NA,2022,11,139.4,2022-11-01
Overall Index (Base:2011-12=100),NA,2022,12,153.4,2022-12-01
Overall Index (Base:2011-12=100),NA,2023,1,158.8,2023-01-01
Overall Index (Base:2011-12=100),NA,2023,2,147.3,2023-02-01
Overall Index (Base:2011-12=100),NA,2023,3,164.7,2023-03-01
Overall Index (Base:2011-12=100),NA,2023,4,151.2,2023-04-01
Overall Index (Base:2011-12=100),NA,2023,5,157.4,2023-05-01
Overall Index (Base:2011-12=100),NA,2023,6,155.9,2023-06-01
Overall Index (Base:2011-12=100),NA,2023,7,153.2,2023-07-01
Overall Index (Base:2011-12=100),NA,2023,8,158.6,2023-08-01
Overall Index (Base:2011-12=100),NA,2023,9,151.7,2023-09-01
Overall Index (Base:2011-12=100),NA,2023,10,156.4,2023-10-01
Overall Index (Base:2011-12=100),NA,2023,11,150.4,2023-11-01
Overall Index (Base:2011-12=100),NA,2023,12,161.2,2023-12-01
Overall Index (Base:2011-12=100),NA,2024,1,165.4,2024-01-01
Overall Index (Base:2011-12=100),NA,2024,2,157.7,2024-02-01
Overall Index (Base:2011-12=100),NA,2024,3,175.0,2024-03-01
Overall Index (Base:2011-12=100),NA,2024,4,161.7,2024-04-01
Overall Index (Base:2011-12=100),NA,2024,5,167.4,2024-05-01
Overall Index (Base:2011-12=100),NA,2024,6,163.9,2024-06-01
Overall Index (Base:2011-12=100),NA,2024,7,162.5,2024-07-01
Growth of  Cement (%),NA,2012,4,9.4,2012-04-01
Growth of  Cement (%),NA,2012,5,12.1,2012-05-01
Growth of  Cement (%),NA,2012,6,10.5,2012-06-01
Growth of  Cement (%),NA,2012,7,4.2,2012-07-01
Growth of  Cement (%),NA,2012,8,0.8,2012-08-01
Growth of  Cement (%),NA,2012,9,14.3,2012-09-01
Growth of  Cement (%),NA,2012,10,7.1,2012-10-01
Growth of  Cement (%),NA,2012,11,0.2,2012-11-01
Growth of  Cement (%),NA,2012,12,9.5,2012-12-01
Growth of  Cement (%),NA,2013,1,10.2,2013-01-01
Growth of  Cement (%),NA,2013,2,3.1,2013-02-01
Growth of  Cement (%),NA,2013,3,8.3,2013-03-01
Growth of  Cement (%),NA,2013,4,9.4,2013-04-01
Growth of  Cement (%),NA,2013,5,6.5,2013-05-01
Growth of  Cement (%),NA,2013,6,2.6,2013-06-01
Growth of  Cement (%),NA,2013,7,0.2,2013-07-01
Growth of  Cement (%),NA,2013,8,5.2,2013-08-01
Growth of  Cement (%),NA,2013,9,12.1,2013-09-01
Growth of  Cement (%),NA,2013,10,0.9,2013-10-01
Growth of  Cement (%),NA,2013,11,3.9,2013-11-01
Growth of  Cement (%),NA,2013,12,1.2,2013-12-01
Growth of  Cement (%),NA,2014,1,2.0,2014-01-01
Growth of  Cement (%),NA,2014,2,2.4,2014-02-01
Growth of  Cement (%),NA,2014,3,0.4,2014-03-01
Growth of  Cement (%),NA,2014,4,8.6,2014-04-01
Growth of  Cement (%),NA,2014,5,9.8,2014-05-01
Growth of  Cement (%),NA,2014,6,14.9,2014-06-01
Growth of  Cement (%),NA,2014,7,16.5,2014-07-01
Growth of  Cement (%),NA,2014,8,10.0,2014-08-01
Growth of  Cement (%),NA,2014,9,3.7,2014-09-01
Growth of  Cement (%),NA,2014,10,-1.2,2014-10-01
Growth of  Cement (%),NA,2014,11,10.5,2014-11-01
Growth of  Cement (%),NA,2014,12,3.8,2014-12-01
Growth of  Cement (%),NA,2015,1,0.2,2015-01-01
Growth of  Cement (%),NA,2015,2,2.2,2015-02-01
Growth of  Cement (%),NA,2015,3,-3.7,2015-03-01
Growth of  Cement (%),NA,2015,4,-2.6,2015-04-01
Growth of  Cement (%),NA,2015,5,1.4,2015-05-01
Growth of  Cement (%),NA,2015,6,1.5,2015-06-01
Growth of  Cement (%),NA,2015,7,1.4,2015-07-01
Growth of  Cement (%),NA,2015,8,5.4,2015-08-01
Growth of  Cement (%),NA,2015,9,-1.6,2015-09-01
Growth of  Cement (%),NA,2015,10,12.2,2015-10-01
Growth of  Cement (%),NA,2015,11,-1.7,2015-11-01
Growth of  Cement (%),NA,2015,12,4.1,2015-12-01
Growth of  Cement (%),NA,2016,1,9.2,2016-01-01
Growth of  Cement (%),NA,2016,2,13.5,2016-02-01
Growth of  Cement (%),NA,2016,3,12.9,2016-03-01
Growth of  Cement (%),NA,2016,4,4.3,2016-04-01
Growth of  Cement (%),NA,2016,5,2.7,2016-05-01
Growth of  Cement (%),NA,2016,6,10.5,2016-06-01
Growth of  Cement (%),NA,2016,7,0.7,2016-07-01
Growth of  Cement (%),NA,2016,8,3.1,2016-08-01
Growth of  Cement (%),NA,2016,9,6.7,2016-09-01
Growth of  Cement (%),NA,2016,10,6.2,2016-10-01
Growth of  Cement (%),NA,2016,11,0.5,2016-11-01
Growth of  Cement (%),NA,2016,12,-8.7,2016-12-01
Growth of  Cement (%),NA,2017,1,-13.3,2017-01-01
Growth of  Cement (%),NA,2017,2,-15.8,2017-02-01
Growth of  Cement (%),NA,2017,3,-6.8,2017-03-01
Growth of  Cement (%),NA,2017,4,-5.2,2017-04-01
Growth of  Cement (%),NA,2017,5,-1.4,2017-05-01
Growth of  Cement (%),NA,2017,6,-3.3,2017-06-01
Growth of  Cement (%),NA,2017,7,1.0,2017-07-01
Growth of  Cement (%),NA,2017,8,0.7,2017-08-01
Growth of  Cement (%),NA,2017,9,0.1,2017-09-01
Growth of  Cement (%),NA,2017,10,-1.3,2017-10-01
Growth of  Cement (%),NA,2017,11,16.9,2017-11-01
Growth of  Cement (%),NA,2017,12,17.7,2017-12-01
Growth of  Cement (%),NA,2018,1,19.6,2018-01-01
Growth of  Cement (%),NA,2018,2,23.0,2018-02-01
Growth of  Cement (%),NA,2018,3,13.5,2018-03-01
Growth of  Cement (%),NA,2018,4,21.9,2018-04-01
Growth of  Cement (%),NA,2018,5,13.0,2018-05-01
Growth of  Cement (%),NA,2018,6,14.2,2018-06-01
Growth of  Cement (%),NA,2018,7,11.2,2018-07-01
Growth of  Cement (%),NA,2018,8,14.6,2018-08-01
Growth of  Cement (%),NA,2018,9,11.8,2018-09-01
Growth of  Cement (%),NA,2018,10,18.4,2018-10-01
Growth of  Cement (%),NA,2018,11,8.8,2018-11-01
Growth of  Cement (%),NA,2018,12,11.6,2018-12-01
Growth of  Cement (%),NA,2019,1,11.0,2019-01-01
Growth of  Cement (%),NA,2019,2,8.0,2019-02-01
Growth of  Cement (%),NA,2019,3,15.7,2019-03-01
Growth of  Cement (%),NA,2019,4,2.3,2019-04-01
Growth of  Cement (%),NA,2019,5,2.8,2019-05-01
Growth of  Cement (%),NA,2019,6,-1.9,2019-06-01
Growth of  Cement (%),NA,2019,7,7.7,2019-07-01
Growth of  Cement (%),NA,2019,8,-5.1,2019-08-01
Growth of  Cement (%),NA,2019,9,-2.0,2019-09-01
Growth of  Cement (%),NA,2019,10,-7.7,2019-10-01
Growth of  Cement (%),NA,2019,11,4.3,2019-11-01
Growth of  Cement (%),NA,2019,12,5.5,2019-12-01
Growth of  Cement (%),NA,2020,1,5.1,2020-01-01
Growth of  Cement (%),NA,2020,2,7.8,2020-02-01
Growth of  Cement (%),NA,2020,3,-25.1,2020-03-01
Growth of  Cement (%),NA,2020,4,-85.2,2020-04-01
Growth of  Cement (%),NA,2020,5,-21.4,2020-05-01
Growth of  Cement (%),NA,2020,6,-6.8,2020-06-01
Growth of  Cement (%),NA,2020,7,-13.5,2020-07-01
Growth of  Cement (%),NA,2020,8,-14.5,2020-08-01
Growth of  Cement (%),NA,2020,9,-3.4,2020-09-01
Growth of  Cement (%),NA,2020,10,3.2,2020-10-01
Growth of  Cement (%),NA,2020,11,-7.3,2020-11-01
Growth of  Cement (%),NA,2020,12,-7.2,2020-12-01
Growth of  Cement (%),NA,2021,1,-5.8,2021-01-01
Growth of  Cement (%),NA,2021,2,0.2,2021-02-01
Growth of  Cement (%),NA,2021,3,40.6,2021-03-01
Growth of  Cement (%),NA,2021,4,606.6,2021-04-01
Growth of  Cement (%),NA,2021,5,11.7,2021-05-01
Growth of  Cement (%),NA,2021,6,7.5,2021-06-01
Growth of  Cement (%),NA,2021,7,21.7,2021-07-01
Growth of  Cement (%),NA,2021,8,36.3,2021-08-01
Growth of  Cement (%),NA,2021,9,11.3,2021-09-01
Growth of  Cement (%),NA,2021,10,14.6,2021-10-01
Growth of  Cement (%),NA,2021,11,-3.6,2021-11-01
Growth of  Cement (%),NA,2021,12,14.2,2021-12-01
Growth of  Cement (%),NA,2022,1,14.1,2022-01-01
Growth of  Cement (%),NA,2022,2,4.2,2022-02-01
Growth of  Cement (%),NA,2022,3,9.0,2022-03-01
Growth of  Cement (%),NA,2022,5,26.2,2022-05-01
Growth of  Cement (%),NA,2022,6,19.7,2022-06-01
Growth of  Cement (%),NA,2022,7,0.7,2022-07-01
Growth of  Cement (%),NA,2022,8,2.1,2022-08-01
Growth of  Cement (%),NA,2022,9,12.4,2022-09-01
Growth of  Cement (%),NA,2022,10,-4.2,2022-10-01
Growth of  Cement (%),NA,2022,11,29.1,2022-11-01
Growth of  Cement (%),NA,2022,12,9.5,2022-12-01
Growth of  Cement (%),NA,2023,1,4.7,2023-01-01
Growth of  Cement (%),NA,2023,2,7.4,2023-02-01
Growth of  Cement (%),NA,2023,3,-0.2,2023-03-01
Growth of  Cement (%),NA,2023,4,12.4,2023-04-01
Growth of  Cement (%),NA,2023,5,15.9,2023-05-01
Growth of  Cement (%),NA,2023,6,9.9,2023-06-01
Growth of  Cement (%),NA,2023,7,6.9,2023-07-01
Growth of  Cement (%),NA,2023,8,19.7,2023-08-01
Growth of  Cement (%),NA,2023,9,4.7,2023-09-01
Growth of  Cement (%),NA,2023,10,17.0,2023-10-01
Growth of  Cement (%),NA,2023,11,-4.8,2023-11-01
Growth of  Cement (%),NA,2023,12,3.8,2023-12-01
Growth of  Cement (%),NA,2024,1,4.0,2024-01-01
Growth of  Cement (%),NA,2024,2,7.8,2024-02-01
Growth of  Cement (%),NA,2024,3,10.6,2024-03-01
Growth of  Cement (%),NA,2024,4,0.2,2024-04-01
Growth of  Cement (%),NA,2024,5,-0.6,2024-05-01
Growth of  Cement (%),NA,2024,6,1.9,2024-06-01
Growth of  Cement (%),NA,2024,7,5.5,2024-07-01
Growth of  Fertilizers  (%),NA,2012,4,-14.3,2012-04-01
Growth of  Fertilizers  (%),NA,2012,5,-14.2,2012-05-01
Growth of  Fertilizers  (%),NA,2012,6,-6.5,2012-06-01
Growth of  Fertilizers  (%),NA,2012,7,-0.9,2012-07-01
Growth of  Fertilizers  (%),NA,2012,8,0.1,2012-08-01
Growth of  Fertilizers  (%),NA,2012,9,6.3,2012-09-01
Growth of  Fertilizers  (%),NA,2012,10,2.2,2012-10-01
Growth of  Fertilizers  (%),NA,2012,11,0.5,2012-11-01
Growth of  Fertilizers  (%),NA,2012,12,-3.9,2012-12-01
Growth of  Fertilizers  (%),NA,2013,1,-8.0,2013-01-01
Growth of  Fertilizers  (%),NA,2013,2,-5.6,2013-02-01
Growth of  Fertilizers  (%),NA,2013,3,2.4,2013-03-01
Growth of  Fertilizers  (%),NA,2013,4,3.4,2013-04-01
Growth of  Fertilizers  (%),NA,2013,5,-3.2,2013-05-01
Growth of  Fertilizers  (%),NA,2013,6,0.2,2013-06-01
Growth of  Fertilizers  (%),NA,2013,7,-0.1,2013-07-01
Growth of  Fertilizers  (%),NA,2013,8,1.9,2013-08-01
Growth of  Fertilizers  (%),NA,2013,9,4.2,2013-09-01
Growth of  Fertilizers  (%),NA,2013,10,2.8,2013-10-01
Growth of  Fertilizers  (%),NA,2013,11,-0.5,2013-11-01
Growth of  Fertilizers  (%),NA,2013,12,6.0,2013-12-01
Growth of  Fertilizers  (%),NA,2014,1,5.5,2014-01-01
Growth of  Fertilizers  (%),NA,2014,2,2.5,2014-02-01
Growth of  Fertilizers  (%),NA,2014,3,-5.8,2014-03-01
Growth of  Fertilizers  (%),NA,2014,4,12.9,2014-04-01
Growth of  Fertilizers  (%),NA,2014,5,17.5,2014-05-01
Growth of  Fertilizers  (%),NA,2014,6,4.0,2014-06-01
Growth of  Fertilizers  (%),NA,2014,7,-4.0,2014-07-01
Growth of  Fertilizers  (%),NA,2014,8,-4.9,2014-08-01
Growth of  Fertilizers  (%),NA,2014,9,-9.5,2014-09-01
Growth of  Fertilizers  (%),NA,2014,10,-5.2,2014-10-01
Growth of  Fertilizers  (%),NA,2014,11,2.1,2014-11-01
Growth of  Fertilizers  (%),NA,2014,12,1.9,2014-12-01
Growth of  Fertilizers  (%),NA,2015,1,5.9,2015-01-01
Growth of  Fertilizers  (%),NA,2015,2,1.2,2015-02-01
Growth of  Fertilizers  (%),NA,2015,3,2.4,2015-03-01
Growth of  Fertilizers  (%),NA,2015,4,3.6,2015-04-01
Growth of  Fertilizers  (%),NA,2015,5,2.9,2015-05-01
Growth of  Fertilizers  (%),NA,2015,6,7.1,2015-06-01
Growth of  Fertilizers  (%),NA,2015,7,12.1,2015-07-01
Growth of  Fertilizers  (%),NA,2015,8,11.6,2015-08-01
Growth of  Fertilizers  (%),NA,2015,9,13.7,2015-09-01
Growth of  Fertilizers  (%),NA,2015,10,5.5,2015-10-01
Growth of  Fertilizers  (%),NA,2015,11,0.8,2015-11-01
Growth of  Fertilizers  (%),NA,2015,12,2.3,2015-12-01
Growth of  Fertilizers  (%),NA,2016,1,-0.2,2016-01-01
Growth of  Fertilizers  (%),NA,2016,2,8.6,2016-02-01
Growth of  Fertilizers  (%),NA,2016,3,18.0,2016-03-01
Growth of  Fertilizers  (%),NA,2016,4,-3.0,2016-04-01
Growth of  Fertilizers  (%),NA,2016,5,6.2,2016-05-01
Growth of  Fertilizers  (%),NA,2016,6,5.9,2016-06-01
Growth of  Fertilizers  (%),NA,2016,7,-3.2,2016-07-01
Growth of  Fertilizers  (%),NA,2016,8,2.5,2016-08-01
Growth of  Fertilizers  (%),NA,2016,9,0.3,2016-09-01
Growth of  Fertilizers  (%),NA,2016,10,0.7,2016-10-01
Growth of  Fertilizers  (%),NA,2016,11,4.2,2016-11-01
Growth of  Fertilizers  (%),NA,2016,12,-2.9,2016-12-01
Growth of  Fertilizers  (%),NA,2017,1,-1.2,2017-01-01
Growth of  Fertilizers  (%),NA,2017,2,-4.0,2017-02-01
Growth of  Fertilizers  (%),NA,2017,3,-3.0,2017-03-01
Growth of  Fertilizers  (%),NA,2017,4,6.2,2017-04-01
Growth of  Fertilizers  (%),NA,2017,5,-5.9,2017-05-01
Growth of  Fertilizers  (%),NA,2017,6,-2.7,2017-06-01
Growth of  Fertilizers  (%),NA,2017,7,0.2,2017-07-01
Growth of  Fertilizers  (%),NA,2017,8,-0.6,2017-08-01
Growth of  Fertilizers  (%),NA,2017,9,-7.7,2017-09-01
Growth of  Fertilizers  (%),NA,2017,10,3.0,2017-10-01
Growth of  Fertilizers  (%),NA,2017,11,0.3,2017-11-01
Growth of  Fertilizers  (%),NA,2017,12,3.0,2017-12-01
Growth of  Fertilizers  (%),NA,2018,1,-1.6,2018-01-01
Growth of  Fertilizers  (%),NA,2018,2,5.2,2018-02-01
Growth of  Fertilizers  (%),NA,2018,3,3.2,2018-03-01
Growth of  Fertilizers  (%),NA,2018,4,4.6,2018-04-01
Growth of  Fertilizers  (%),NA,2018,5,8.4,2018-05-01
Growth of  Fertilizers  (%),NA,2018,6,1.0,2018-06-01
Growth of  Fertilizers  (%),NA,2018,7,1.3,2018-07-01
Growth of  Fertilizers  (%),NA,2018,8,-5.3,2018-08-01
Growth of  Fertilizers  (%),NA,2018,9,2.5,2018-09-01
Growth of  Fertilizers  (%),NA,2018,10,-11.5,2018-10-01
Growth of  Fertilizers  (%),NA,2018,11,-8.1,2018-11-01
Growth of  Fertilizers  (%),NA,2018,12,-2.4,2018-12-01
Growth of  Fertilizers  (%),NA,2019,1,10.5,2019-01-01
Growth of  Fertilizers  (%),NA,2019,2,2.5,2019-02-01
Growth of  Fertilizers  (%),NA,2019,3,4.3,2019-03-01
Growth of  Fertilizers  (%),NA,2019,4,-4.4,2019-04-01
Growth of  Fertilizers  (%),NA,2019,5,-1.0,2019-05-01
Growth of  Fertilizers  (%),NA,2019,6,1.5,2019-06-01
Growth of  Fertilizers  (%),NA,2019,7,1.5,2019-07-01
Growth of  Fertilizers  (%),NA,2019,8,2.9,2019-08-01
Growth of  Fertilizers  (%),NA,2019,9,5.4,2019-09-01
Growth of  Fertilizers  (%),NA,2019,10,11.8,2019-10-01
Growth of  Fertilizers  (%),NA,2019,11,13.6,2019-11-01
Growth of  Fertilizers  (%),NA,2019,12,10.2,2019-12-01
Growth of  Fertilizers  (%),NA,2020,1,-0.1,2020-01-01
Growth of  Fertilizers  (%),NA,2020,2,2.9,2020-02-01
Growth of  Fertilizers  (%),NA,2020,3,-11.9,2020-03-01
Growth of  Fertilizers  (%),NA,2020,4,-4.5,2020-04-01
Growth of  Fertilizers  (%),NA,2020,5,7.5,2020-05-01
Growth of  Fertilizers  (%),NA,2020,6,4.2,2020-06-01
Growth of  Fertilizers  (%),NA,2020,7,6.9,2020-07-01
Growth of  Fertilizers  (%),NA,2020,8,7.3,2020-08-01
Growth of  Fertilizers  (%),NA,2020,9,-0.3,2020-09-01
Growth of  Fertilizers  (%),NA,2020,10,6.3,2020-10-01
Growth of  Fertilizers  (%),NA,2020,11,1.6,2020-11-01
Growth of  Fertilizers  (%),NA,2020,12,-2.9,2020-12-01
Growth of  Fertilizers  (%),NA,2021,1,0.8,2021-01-01
Growth of  Fertilizers  (%),NA,2021,2,-3.7,2021-02-01
Growth of  Fertilizers  (%),NA,2021,3,-5.0,2021-03-01
Growth of  Fertilizers  (%),NA,2021,4,3.9,2021-04-01
Growth of  Fertilizers  (%),NA,2021,5,-9.6,2021-05-01
Growth of  Fertilizers  (%),NA,2021,6,2.0,2021-06-01
Growth of  Fertilizers  (%),NA,2021,7,0.6,2021-07-01
Growth of  Fertilizers  (%),NA,2021,8,-3.1,2021-08-01
Growth of  Fertilizers  (%),NA,2021,9,0.04,2021-09-01
Growth of  Fertilizers  (%),NA,2021,10,0.04,2021-10-01
Growth of  Fertilizers  (%),NA,2021,11,2.5,2021-11-01
Growth of  Fertilizers  (%),NA,2021,12,3.5,2021-12-01
Growth of  Fertilizers  (%),NA,2022,1,-2.0,2022-01-01
Growth of  Fertilizers  (%),NA,2022,2,-1.4,2022-02-01
Growth of  Fertilizers  (%),NA,2022,3,15.3,2022-03-01
Growth of  Fertilizers  (%),NA,2022,5,22.9,2022-05-01
Growth of  Fertilizers  (%),NA,2022,6,8.2,2022-06-01
Growth of  Fertilizers  (%),NA,2022,7,6.2,2022-07-01
Growth of  Fertilizers  (%),NA,2022,8,11.9,2022-08-01
Growth of  Fertilizers  (%),NA,2022,9,11.8,2022-09-01
Growth of  Fertilizers  (%),NA,2022,10,5.4,2022-10-01
Growth of  Fertilizers  (%),NA,2022,11,6.4,2022-11-01
Growth of  Fertilizers  (%),NA,2022,12,7.3,2022-12-01
Growth of  Fertilizers  (%),NA,2023,1,17.9,2023-01-01
Growth of  Fertilizers  (%),NA,2023,2,22.2,2023-02-01
Growth of  Fertilizers  (%),NA,2023,3,9.7,2023-03-01
Growth of  Fertilizers  (%),NA,2023,4,23.5,2023-04-01
Growth of  Fertilizers  (%),NA,2023,5,9.7,2023-05-01
Growth of  Fertilizers  (%),NA,2023,6,3.4,2023-06-01
Growth of  Fertilizers  (%),NA,2023,7,3.3,2023-07-01
Growth of  Fertilizers  (%),NA,2023,8,1.8,2023-08-01
Growth of  Fertilizers  (%),NA,2023,9,4.2,2023-09-01
Growth of  Fertilizers  (%),NA,2023,10,5.3,2023-10-01
Growth of  Fertilizers  (%),NA,2023,11,3.4,2023-11-01
Growth of  Fertilizers  (%),NA,2023,12,5.8,2023-12-01
Growth of  Fertilizers  (%),NA,2024,1,-0.6,2024-01-01
Growth of  Fertilizers  (%),NA,2024,2,-9.5,2024-02-01
Growth of  Fertilizers  (%),NA,2024,3,-1.3,2024-03-01
Growth of  Fertilizers  (%),NA,2024,4,-0.8,2024-04-01
Growth of  Fertilizers  (%),NA,2024,5,-1.7,2024-05-01
Growth of  Fertilizers  (%),NA,2024,6,2.4,2024-06-01
Growth of  Fertilizers  (%),NA,2024,7,5.3,2024-07-01
Growth of  Petroleum Refinery Products  (%),NA,2012,4,-1.5,2012-04-01
Growth of  Petroleum Refinery Products  (%),NA,2012,5,3.0,2012-05-01
Growth of  Petroleum Refinery Products  (%),NA,2012,6,4.3,2012-06-01
Growth of  Petroleum Refinery Products  (%),NA,2012,7,7.6,2012-07-01
Growth of  Petroleum Refinery Products  (%),NA,2012,8,6.1,2012-08-01
Growth of  Petroleum Refinery Products  (%),NA,2012,9,9.8,2012-09-01
Growth of  Petroleum Refinery Products  (%),NA,2012,10,18.8,2012-10-01
Growth of  Petroleum Refinery Products  (%),NA,2012,11,5.2,2012-11-01
Growth of  Petroleum Refinery Products  (%),NA,2012,12,7.8,2012-12-01
Growth of  Petroleum Refinery Products  (%),NA,2013,1,11.3,2013-01-01
Growth of  Petroleum Refinery Products  (%),NA,2013,2,8.5,2013-02-01
Growth of  Petroleum Refinery Products  (%),NA,2013,3,5.9,2013-03-01
Growth of  Petroleum Refinery Products  (%),NA,2013,4,5.3,2013-04-01
Growth of  Petroleum Refinery Products  (%),NA,2013,5,5.4,2013-05-01
Growth of  Petroleum Refinery Products  (%),NA,2013,6,1.8,2013-06-01
Growth of  Petroleum Refinery Products  (%),NA,2013,7,3.7,2013-07-01
Growth of  Petroleum Refinery Products  (%),NA,2013,8,5.3,2013-08-01
Growth of  Petroleum Refinery Products  (%),NA,2013,9,8.0,2013-09-01
Growth of  Petroleum Refinery Products  (%),NA,2013,10,-3.8,2013-10-01
Growth of  Petroleum Refinery Products  (%),NA,2013,11,-4.6,2013-11-01
Growth of  Petroleum Refinery Products  (%),NA,2013,12,-1.6,2013-12-01
Growth of  Petroleum Refinery Products  (%),NA,2014,1,-3.5,2014-01-01
Growth of  Petroleum Refinery Products  (%),NA,2014,2,1.0,2014-02-01
Growth of  Petroleum Refinery Products  (%),NA,2014,3,1.3,2014-03-01
Growth of  Petroleum Refinery Products  (%),NA,2014,4,-1.4,2014-04-01
Growth of  Petroleum Refinery Products  (%),NA,2014,5,-0.6,2014-05-01
Growth of  Petroleum Refinery Products  (%),NA,2014,6,1.1,2014-06-01
Growth of  Petroleum Refinery Products  (%),NA,2014,7,-5.4,2014-07-01
Growth of  Petroleum Refinery Products  (%),NA,2014,8,-4.7,2014-08-01
Growth of  Petroleum Refinery Products  (%),NA,2014,9,-1.4,2014-09-01
Growth of  Petroleum Refinery Products  (%),NA,2014,10,3.3,2014-10-01
Growth of  Petroleum Refinery Products  (%),NA,2014,11,7.9,2014-11-01
Growth of  Petroleum Refinery Products  (%),NA,2014,12,3.4,2014-12-01
Growth of  Petroleum Refinery Products  (%),NA,2015,1,2.9,2015-01-01
Growth of  Petroleum Refinery Products  (%),NA,2015,2,-0.2,2015-02-01
Growth of  Petroleum Refinery Products  (%),NA,2015,3,-2.1,2015-03-01
Growth of  Petroleum Refinery Products  (%),NA,2015,4,-4.9,2015-04-01
Growth of  Petroleum Refinery Products  (%),NA,2015,5,5.6,2015-05-01
Growth of  Petroleum Refinery Products  (%),NA,2015,6,5.7,2015-06-01
Growth of  Petroleum Refinery Products  (%),NA,2015,7,8.4,2015-07-01
Growth of  Petroleum Refinery Products  (%),NA,2015,8,7.9,2015-08-01
Growth of  Petroleum Refinery Products  (%),NA,2015,9,-1.0,2015-09-01
Growth of  Petroleum Refinery Products  (%),NA,2015,10,-2.8,2015-10-01
Growth of  Petroleum Refinery Products  (%),NA,2015,11,5.2,2015-11-01
Growth of  Petroleum Refinery Products  (%),NA,2015,12,2.7,2015-12-01
Growth of  Petroleum Refinery Products  (%),NA,2016,1,8.6,2016-01-01
Growth of  Petroleum Refinery Products  (%),NA,2016,2,10.7,2016-02-01
Growth of  Petroleum Refinery Products  (%),NA,2016,3,12.1,2016-03-01
Growth of  Petroleum Refinery Products  (%),NA,2016,4,19.1,2016-04-01
Growth of  Petroleum Refinery Products  (%),NA,2016,5,3.3,2016-05-01
Growth of  Petroleum Refinery Products  (%),NA,2016,6,5.8,2016-06-01
Growth of  Petroleum Refinery Products  (%),NA,2016,7,8.0,2016-07-01
Growth of  Petroleum Refinery Products  (%),NA,2016,8,2.5,2016-08-01
Growth of  Petroleum Refinery Products  (%),NA,2016,9,6.9,2016-09-01
Growth of  Petroleum Refinery Products  (%),NA,2016,10,12.6,2016-10-01
Growth of  Petroleum Refinery Products  (%),NA,2016,11,-0.7,2016-11-01
Growth of  Petroleum Refinery Products  (%),NA,2016,12,5.4,2016-12-01
Growth of  Petroleum Refinery Products  (%),NA,2017,1,0.0,2017-01-01
Growth of  Petroleum Refinery Products  (%),NA,2017,2,-2.8,2017-02-01
Growth of  Petroleum Refinery Products  (%),NA,2017,3,2.0,2017-03-01
Growth of  Petroleum Refinery Products  (%),NA,2017,4,0.2,2017-04-01
Growth of  Petroleum Refinery Products  (%),NA,2017,5,5.4,2017-05-01
Growth of  Petroleum Refinery Products  (%),NA,2017,6,-0.2,2017-06-01
Growth of  Petroleum Refinery Products  (%),NA,2017,7,-2.7,2017-07-01
Growth of  Petroleum Refinery Products  (%),NA,2017,8,2.4,2017-08-01
Growth of  Petroleum Refinery Products  (%),NA,2017,9,8.1,2017-09-01
Growth of  Petroleum Refinery Products  (%),NA,2017,10,7.5,2017-10-01
Growth of  Petroleum Refinery Products  (%),NA,2017,11,8.2,2017-11-01
Growth of  Petroleum Refinery Products  (%),NA,2017,12,6.6,2017-12-01
Growth of  Petroleum Refinery Products  (%),NA,2018,1,11.0,2018-01-01
Growth of  Petroleum Refinery Products  (%),NA,2018,2,7.8,2018-02-01
Growth of  Petroleum Refinery Products  (%),NA,2018,3,1.1,2018-03-01
Growth of  Petroleum Refinery Products  (%),NA,2018,4,2.7,2018-04-01
Growth of  Petroleum Refinery Products  (%),NA,2018,5,4.9,2018-05-01
Growth of  Petroleum Refinery Products  (%),NA,2018,6,12.1,2018-06-01
Growth of  Petroleum Refinery Products  (%),NA,2018,7,12.3,2018-07-01
Growth of  Petroleum Refinery Products  (%),NA,2018,8,5.1,2018-08-01
Growth of  Petroleum Refinery Products  (%),NA,2018,9,2.5,2018-09-01
Growth of  Petroleum Refinery Products  (%),NA,2018,10,1.3,2018-10-01
Growth of  Petroleum Refinery Products  (%),NA,2018,11,2.3,2018-11-01
Growth of  Petroleum Refinery Products  (%),NA,2018,12,-4.8,2018-12-01
Growth of  Petroleum Refinery Products  (%),NA,2019,1,-2.6,2019-01-01
Growth of  Petroleum Refinery Products  (%),NA,2019,2,-0.8,2019-02-01
Growth of  Petroleum Refinery Products  (%),NA,2019,3,4.3,2019-03-01
Growth of  Petroleum Refinery Products  (%),NA,2019,4,4.3,2019-04-01
Growth of  Petroleum Refinery Products  (%),NA,2019,5,-1.5,2019-05-01
Growth of  Petroleum Refinery Products  (%),NA,2019,6,-9.3,2019-06-01
Growth of  Petroleum Refinery Products  (%),NA,2019,7,-0.9,2019-07-01
Growth of  Petroleum Refinery Products  (%),NA,2019,8,2.6,2019-08-01
Growth of  Petroleum Refinery Products  (%),NA,2019,9,-6.6,2019-09-01
Growth of  Petroleum Refinery Products  (%),NA,2019,10,0.4,2019-10-01
Growth of  Petroleum Refinery Products  (%),NA,2019,11,3.1,2019-11-01
Growth of  Petroleum Refinery Products  (%),NA,2019,12,3.0,2019-12-01
Growth of  Petroleum Refinery Products  (%),NA,2020,1,1.9,2020-01-01
Growth of  Petroleum Refinery Products  (%),NA,2020,2,7.4,2020-02-01
Growth of  Petroleum Refinery Products  (%),NA,2020,3,-0.5,2020-03-01
Growth of  Petroleum Refinery Products  (%),NA,2020,4,-24.2,2020-04-01
Growth of  Petroleum Refinery Products  (%),NA,2020,5,-21.3,2020-05-01
Growth of  Petroleum Refinery Products  (%),NA,2020,6,-8.9,2020-06-01
Growth of  Petroleum Refinery Products  (%),NA,2020,7,-13.9,2020-07-01
Growth of  Petroleum Refinery Products  (%),NA,2020,8,-19.1,2020-08-01
Growth of  Petroleum Refinery Products  (%),NA,2020,9,-9.5,2020-09-01
Growth of  Petroleum Refinery Products  (%),NA,2020,10,-17.0,2020-10-01
Growth of  Petroleum Refinery Products  (%),NA,2020,11,-4.8,2020-11-01
Growth of  Petroleum Refinery Products  (%),NA,2020,12,-2.8,2020-12-01
Growth of  Petroleum Refinery Products  (%),NA,2021,1,-2.6,2021-01-01
Growth of  Petroleum Refinery Products  (%),NA,2021,2,-10.9,2021-02-01
Growth of  Petroleum Refinery Products  (%),NA,2021,3,-0.7,2021-03-01
Growth of  Petroleum Refinery Products  (%),NA,2021,4,30.9,2021-04-01
Growth of  Petroleum Refinery Products  (%),NA,2021,5,15.3,2021-05-01
Growth of  Petroleum Refinery Products  (%),NA,2021,6,2.4,2021-06-01
Growth of  Petroleum Refinery Products  (%),NA,2021,7,6.7,2021-07-01
Growth of  Petroleum Refinery Products  (%),NA,2021,8,9.1,2021-08-01
Growth of  Petroleum Refinery Products  (%),NA,2021,9,6.0,2021-09-01
Growth of  Petroleum Refinery Products  (%),NA,2021,10,14.4,2021-10-01
Growth of  Petroleum Refinery Products  (%),NA,2021,11,4.3,2021-11-01
Growth of  Petroleum Refinery Products  (%),NA,2021,12,5.9,2021-12-01
Growth of  Petroleum Refinery Products  (%),NA,2022,1,3.7,2022-01-01
Growth of  Petroleum Refinery Products  (%),NA,2022,2,8.8,2022-02-01
Growth of  Petroleum Refinery Products  (%),NA,2022,3,6.1,2022-03-01
Growth of  Petroleum Refinery Products  (%),NA,2022,5,16.7,2022-05-01
Growth of  Petroleum Refinery Products  (%),NA,2022,6,15.1,2022-06-01
Growth of  Petroleum Refinery Products  (%),NA,2022,7,6.2,2022-07-01
Growth of  Petroleum Refinery Products  (%),NA,2022,8,7.0,2022-08-01
Growth of  Petroleum Refinery Products  (%),NA,2022,9,6.6,2022-09-01
Growth of  Petroleum Refinery Products  (%),NA,2022,10,-3.1,2022-10-01
Growth of  Petroleum Refinery Products  (%),NA,2022,11,-9.3,2022-11-01
Growth of  Petroleum Refinery Products  (%),NA,2022,12,3.7,2022-12-01
Growth of  Petroleum Refinery Products  (%),NA,2023,1,4.5,2023-01-01
Growth of  Petroleum Refinery Products  (%),NA,2023,2,3.3,2023-02-01
Growth of  Petroleum Refinery Products  (%),NA,2023,3,1.5,2023-03-01
Growth of  Petroleum Refinery Products  (%),NA,2023,4,-1.5,2023-04-01
Growth of  Petroleum Refinery Products  (%),NA,2023,5,2.8,2023-05-01
Growth of  Petroleum Refinery Products  (%),NA,2023,6,4.6,2023-06-01
Growth of  Petroleum Refinery Products  (%),NA,2023,7,3.6,2023-07-01
Growth of  Petroleum Refinery Products  (%),NA,2023,8,9.5,2023-08-01
Growth of  Petroleum Refinery Products  (%),NA,2023,9,5.5,2023-09-01
Growth of  Petroleum Refinery Products  (%),NA,2023,10,4.2,2023-10-01
Growth of  Petroleum Refinery Products  (%),NA,2023,11,12.4,2023-11-01
Growth of  Petroleum Refinery Products  (%),NA,2023,12,4.0,2023-12-01
Growth of  Petroleum Refinery Products  (%),NA,2024,1,-4.3,2024-01-01
Growth of  Petroleum Refinery Products  (%),NA,2024,2,2.6,2024-02-01
Growth of  Petroleum Refinery Products  (%),NA,2024,3,1.6,2024-03-01
Growth of  Petroleum Refinery Products  (%),NA,2024,4,3.9,2024-04-01
Growth of  Petroleum Refinery Products  (%),NA,2024,5,0.5,2024-05-01
Growth of  Petroleum Refinery Products  (%),NA,2024,6,-1.5,2024-06-01
Growth of  Petroleum Refinery Products  (%),NA,2024,7,6.6,2024-07-01
Index of Crude Oil,NA,2011,4,100.4,2011-04-01
Index of Crude Oil,NA,2011,5,101.9,2011-05-01
Index of Crude Oil,NA,2011,6,99.7,2011-06-01
Index of Crude Oil,NA,2011,7,103.3,2011-07-01
Index of Crude Oil,NA,2011,8,102.3,2011-08-01
Index of Crude Oil,NA,2011,9,98.2,2011-09-01
Index of Crude Oil,NA,2011,10,101.4,2011-10-01
Index of Crude Oil,NA,2011,11,97.1,2011-11-01
Index of Crude Oil,NA,2011,12,100.0,2011-12-01
Index of Crude Oil,NA,2012,1,100.0,2012-01-01
Index of Crude Oil,NA,2012,2,94.4,2012-02-01
Index of Crude Oil,NA,2012,3,101.4,2012-03-01
Index of Crude Oil,NA,2012,4,99.0,2012-04-01
Index of Crude Oil,NA,2012,5,102.4,2012-05-01
Index of Crude Oil,NA,2012,6,98.9,2012-06-01
Index of Crude Oil,NA,2012,7,102.6,2012-07-01
Index of Crude Oil,NA,2012,8,101.7,2012-08-01
Index of Crude Oil,NA,2012,9,96.5,2012-09-01
Index of Crude Oil,NA,2012,10,100.9,2012-10-01
Index of Crude Oil,NA,2012,11,97.9,2012-11-01
Index of Crude Oil,NA,2012,12,101.0,2012-12-01
Index of Crude Oil,NA,2013,1,99.7,2013-01-01
Index of Crude Oil,NA,2013,2,90.6,2013-02-01
Index of Crude Oil,NA,2013,3,101.6,2013-03-01
Index of Crude Oil,NA,2013,4,97.9,2013-04-01
Index of Crude Oil,NA,2013,5,99.8,2013-05-01
Index of Crude Oil,NA,2013,6,98.4,2013-06-01
Index of Crude Oil,NA,2013,7,100.1,2013-07-01
Index of Crude Oil,NA,2013,8,100.2,2013-08-01
Index of Crude Oil,NA,2013,9,97.0,2013-09-01
Index of Crude Oil,NA,2013,10,100.4,2013-10-01
Index of Crude Oil,NA,2013,11,99.1,2013-11-01
Index of Crude Oil,NA,2013,12,102.6,2013-12-01
Index of Crude Oil,NA,2014,1,102.7,2014-01-01
Index of Crude Oil,NA,2014,2,92.3,2014-02-01
Index of Crude Oil,NA,2014,3,100.0,2014-03-01
Index of Crude Oil,NA,2014,4,97.8,2014-04-01
Index of Crude Oil,NA,2014,5,99.5,2014-05-01
Index of Crude Oil,NA,2014,6,98.4,2014-06-01
Index of Crude Oil,NA,2014,7,99.1,2014-07-01
Index of Crude Oil,NA,2014,8,95.3,2014-08-01
Index of Crude Oil,NA,2014,9,95.9,2014-09-01
Index of Crude Oil,NA,2014,10,101.4,2014-10-01
Index of Crude Oil,NA,2014,11,99.0,2014-11-01
Index of Crude Oil,NA,2014,12,101.2,2014-12-01
Index of Crude Oil,NA,2015,1,100.4,2015-01-01
Index of Crude Oil,NA,2015,2,90.6,2015-02-01
Index of Crude Oil,NA,2015,3,101.7,2015-03-01
Index of Crude Oil,NA,2015,4,95.3,2015-04-01
Index of Crude Oil,NA,2015,5,100.3,2015-05-01
Index of Crude Oil,NA,2015,6,97.7,2015-06-01
Index of Crude Oil,NA,2015,7,98.7,2015-07-01
Index of Crude Oil,NA,2015,8,100.6,2015-08-01
Index of Crude Oil,NA,2015,9,95.8,2015-09-01
Index of Crude Oil,NA,2015,10,99.3,2015-10-01
Index of Crude Oil,NA,2015,11,95.8,2015-11-01
Index of Crude Oil,NA,2015,12,97.0,2015-12-01
Index of Crude Oil,NA,2016,1,95.7,2016-01-01
Index of Crude Oil,NA,2016,2,91.2,2016-02-01
Index of Crude Oil,NA,2016,3,96.5,2016-03-01
Index of Crude Oil,NA,2016,4,93.2,2016-04-01
Index of Crude Oil,NA,2016,5,96.9,2016-05-01
Index of Crude Oil,NA,2016,6,93.5,2016-06-01
Index of Crude Oil,NA,2016,7,97.0,2016-07-01
Index of Crude Oil,NA,2016,8,96.6,2016-08-01
Index of Crude Oil,NA,2016,9,91.9,2016-09-01
Index of Crude Oil,NA,2016,10,96.1,2016-10-01
Index of Crude Oil,NA,2016,11,90.6,2016-11-01
Index of Crude Oil,NA,2016,12,96.2,2016-12-01
Index of Crude Oil,NA,2017,1,96.9,2017-01-01
Index of Crude Oil,NA,2017,2,88.1,2017-02-01
Index of Crude Oil,NA,2017,3,97.4,2017-03-01
Index of Crude Oil,NA,2017,4,92.6,2017-04-01
Index of Crude Oil,NA,2017,5,97.6,2017-05-01
Index of Crude Oil,NA,2017,6,94.1,2017-06-01
Index of Crude Oil,NA,2017,7,96.4,2017-07-01
Index of Crude Oil,NA,2017,8,95.1,2017-08-01
Index of Crude Oil,NA,2017,9,92.0,2017-09-01
Index of Crude Oil,NA,2017,10,95.7,2017-10-01
Index of Crude Oil,NA,2017,11,90.8,2017-11-01
Index of Crude Oil,NA,2017,12,94.2,2017-12-01
Index of Crude Oil,NA,2018,1,93.8,2018-01-01
Index of Crude Oil,NA,2018,2,86.1,2018-02-01
Index of Crude Oil,NA,2018,3,95.8,2018-03-01
Index of Crude Oil,NA,2018,4,91.8,2018-04-01
Index of Crude Oil,NA,2018,5,94.8,2018-05-01
Index of Crude Oil,NA,2018,6,90.9,2018-06-01
Index of Crude Oil,NA,2018,7,91.2,2018-07-01
Index of Crude Oil,NA,2018,8,91.6,2018-08-01
Index of Crude Oil,NA,2018,9,88.1,2018-09-01
Index of Crude Oil,NA,2018,10,90.9,2018-10-01
Index of Crude Oil,NA,2018,11,87.6,2018-11-01
Index of Crude Oil,NA,2018,12,90.2,2018-12-01
Index of Crude Oil,NA,2019,1,89.7,2019-01-01
Index of Crude Oil,NA,2019,2,80.8,2019-02-01
Index of Crude Oil,NA,2019,3,89.9,2019-03-01
Index of Crude Oil,NA,2019,4,85.6,2019-04-01
Index of Crude Oil,NA,2019,5,88.2,2019-05-01
Index of Crude Oil,NA,2019,6,84.7,2019-06-01
Index of Crude Oil,NA,2019,7,87.2,2019-07-01
Index of Crude Oil,NA,2019,8,86.6,2019-08-01
Index of Crude Oil,NA,2019,9,83.4,2019-09-01
Index of Crude Oil,NA,2019,10,86.3,2019-10-01
Index of Crude Oil,NA,2019,11,82.4,2019-11-01
Index of Crude Oil,NA,2019,12,83.5,2019-12-01
Index of Crude Oil,NA,2020,1,85.0,2020-01-01
Index of Crude Oil,NA,2020,2,75.6,2020-02-01
Index of Crude Oil,NA,2020,3,85.0,2020-03-01
Index of Crude Oil,NA,2020,4,80.2,2020-04-01
Index of Crude Oil,NA,2020,5,82.0,2020-05-01
Index of Crude Oil,NA,2020,6,79.6,2020-06-01
Index of Crude Oil,NA,2020,7,83.0,2020-07-01
Index of Crude Oil,NA,2020,8,81.2,2020-08-01
Index of Crude Oil,NA,2020,9,78.3,2020-09-01
Index of Crude Oil,NA,2020,10,80.9,2020-10-01
Index of Crude Oil,NA,2020,11,78.3,2020-11-01
Index of Crude Oil,NA,2020,12,80.5,2020-12-01
Index of Crude Oil,NA,2021,1,81.1,2021-01-01
Index of Crude Oil,NA,2021,2,73.2,2021-02-01
Index of Crude Oil,NA,2021,3,82.4,2021-03-01
Index of Crude Oil,NA,2021,4,78.5,2021-04-01
Index of Crude Oil,NA,2021,5,76.8,2021-05-01
Index of Crude Oil,NA,2021,6,78.2,2021-06-01
Index of Crude Oil,NA,2021,7,80.3,2021-07-01
Index of Crude Oil,NA,2021,8,79.4,2021-08-01
Index of Crude Oil,NA,2021,9,77.0,2021-09-01
Index of Crude Oil,NA,2021,10,79.2,2021-10-01
Index of Crude Oil,NA,2021,11,76.6,2021-11-01
Index of Crude Oil,NA,2021,12,79.1,2021-12-01
Index of Crude Oil,NA,2022,1,79.1,2022-01-01
Index of Crude Oil,NA,2022,2,71.6,2022-02-01
Index of Crude Oil,NA,2022,3,79.6,2022-03-01
Index of Crude Oil,NA,2022,5,80.3,2022-05-01
Index of Crude Oil,NA,2022,6,76.9,2022-06-01
Index of Crude Oil,NA,2022,7,77.3,2022-07-01
Index of Crude Oil,NA,2022,8,76.7,2022-08-01
Index of Crude Oil,NA,2022,9,75.2,2022-09-01
Index of Crude Oil,NA,2022,10,77.4,2022-10-01
Index of Crude Oil,NA,2022,11,75.8,2022-11-01
Index of Crude Oil,NA,2022,12,78.2,2022-12-01
Index of Crude Oil,NA,2023,1,78.3,2023-01-01
Index of Crude Oil,NA,2023,2,68.1,2023-02-01
Index of Crude Oil,NA,2023,3,77.3,2023-03-01
Index of Crude Oil,NA,2023,4,75.0,2023-04-01
Index of Crude Oil,NA,2023,5,78.8,2023-05-01
Index of Crude Oil,NA,2023,6,76.4,2023-06-01
Index of Crude Oil,NA,2023,7,78.9,2023-07-01
Index of Crude Oil,NA,2023,8,78.4,2023-08-01
Index of Crude Oil,NA,2023,9,74.9,2023-09-01
Index of Crude Oil,NA,2023,10,78.4,2023-10-01
Index of Crude Oil,NA,2023,11,75.5,2023-11-01
Index of Crude Oil,NA,2023,12,77.4,2023-12-01
Index of Crude Oil,NA,2024,1,78.8,2024-01-01
Index of Crude Oil,NA,2024,2,73.5,2024-02-01
Index of Crude Oil,NA,2024,3,78.9,2024-03-01
Index of Crude Oil,NA,2024,4,76.3,2024-04-01
Index of Crude Oil,NA,2024,5,77.9,2024-05-01
Index of Crude Oil,NA,2024,6,74.4,2024-06-01
Index of Crude Oil,NA,2024,7,76.6,2024-07-01
Index of Natural Gas,NA,2011,4,104.0,2011-04-01
Index of Natural Gas,NA,2011,5,104.4,2011-05-01
Index of Natural Gas,NA,2011,6,100.2,2011-06-01
Index of Natural Gas,NA,2011,7,104.2,2011-07-01
Index of Natural Gas,NA,2011,8,103.8,2011-08-01
Index of Natural Gas,NA,2011,9,99.8,2011-09-01
Index of Natural Gas,NA,2011,10,101.7,2011-10-01
Index of Natural Gas,NA,2011,11,97.1,2011-11-01
Index of Natural Gas,NA,2011,12,98.5,2011-12-01
Index of Natural Gas,NA,2012,1,98.3,2012-01-01
Index of Natural Gas,NA,2012,2,90.8,2012-02-01
Index of Natural Gas,NA,2012,3,97.1,2012-03-01
Index of Natural Gas,NA,2012,4,91.6,2012-04-01
Index of Natural Gas,NA,2012,5,93.1,2012-05-01
Index of Natural Gas,NA,2012,6,89.3,2012-06-01
Index of Natural Gas,NA,2012,7,90.6,2012-07-01
Index of Natural Gas,NA,2012,8,89.7,2012-08-01
Index of Natural Gas,NA,2012,9,84.4,2012-09-01
Index of Natural Gas,NA,2012,10,86.4,2012-10-01
Index of Natural Gas,NA,2012,11,82.1,2012-11-01
Index of Natural Gas,NA,2012,12,84.3,2012-12-01
Index of Natural Gas,NA,2013,1,82.1,2013-01-01
Index of Natural Gas,NA,2013,2,72.9,2013-02-01
Index of Natural Gas,NA,2013,3,80.5,2013-03-01
Index of Natural Gas,NA,2013,4,76.1,2013-04-01
Index of Natural Gas,NA,2013,5,76.1,2013-05-01
Index of Natural Gas,NA,2013,6,74.4,2013-06-01
Index of Natural Gas,NA,2013,7,75.7,2013-07-01
Index of Natural Gas,NA,2013,8,75.3,2013-08-01
Index of Natural Gas,NA,2013,9,73.1,2013-09-01
Index of Natural Gas,NA,2013,10,74.5,2013-10-01
Index of Natural Gas,NA,2013,11,73.1,2013-11-01
Index of Natural Gas,NA,2013,12,75.8,2013-12-01
Index of Natural Gas,NA,2014,1,77.8,2014-01-01
Index of Natural Gas,NA,2014,2,69.7,2014-02-01
Index of Natural Gas,NA,2014,3,72.7,2014-03-01
Index of Natural Gas,NA,2014,4,69.8,2014-04-01
Index of Natural Gas,NA,2014,5,74.3,2014-05-01
Index of Natural Gas,NA,2014,6,73.1,2014-06-01
Index of Natural Gas,NA,2014,7,68.7,2014-07-01
Index of Natural Gas,NA,2014,8,68.8,2014-08-01
Index of Natural Gas,NA,2014,9,68.7,2014-09-01
Index of Natural Gas,NA,2014,10,71.5,2014-10-01
Index of Natural Gas,NA,2014,11,71.2,2014-11-01
Index of Natural Gas,NA,2014,12,73.3,2014-12-01
Index of Natural Gas,NA,2015,1,72.7,2015-01-01
Index of Natural Gas,NA,2015,2,63.7,2015-02-01
Index of Natural Gas,NA,2015,3,71.0,2015-03-01
Index of Natural Gas,NA,2015,4,66.8,2015-04-01
Index of Natural Gas,NA,2015,5,71.4,2015-05-01
Index of Natural Gas,NA,2015,6,67.8,2015-06-01
Index of Natural Gas,NA,2015,7,65.1,2015-07-01
Index of Natural Gas,NA,2015,8,70.8,2015-08-01
Index of Natural Gas,NA,2015,9,68.7,2015-09-01
Index of Natural Gas,NA,2015,10,70.1,2015-10-01
Index of Natural Gas,NA,2015,11,68.3,2015-11-01
Index of Natural Gas,NA,2015,12,68.7,2015-12-01
Index of Natural Gas,NA,2016,1,61.3,2016-01-01
Index of Natural Gas,NA,2016,2,64.6,2016-02-01
Index of Natural Gas,NA,2016,3,63.0,2016-03-01
Index of Natural Gas,NA,2016,4,62.2,2016-04-01
Index of Natural Gas,NA,2016,5,66.7,2016-05-01
Index of Natural Gas,NA,2016,6,65.1,2016-06-01
Index of Natural Gas,NA,2016,7,67.7,2016-07-01
Index of Natural Gas,NA,2016,8,66.6,2016-08-01
Index of Natural Gas,NA,2016,9,64.7,2016-09-01
Index of Natural Gas,NA,2016,10,69.0,2016-10-01
Index of Natural Gas,NA,2016,11,66.9,2016-11-01
Index of Natural Gas,NA,2016,12,68.4,2016-12-01
Index of Natural Gas,NA,2017,1,68.4,2017-01-01
Index of Natural Gas,NA,2017,2,63.2,2017-02-01
Index of Natural Gas,NA,2017,3,69.1,2017-03-01
Index of Natural Gas,NA,2017,4,63.5,2017-04-01
Index of Natural Gas,NA,2017,5,69.7,2017-05-01
Index of Natural Gas,NA,2017,6,69.3,2017-06-01
Index of Natural Gas,NA,2017,7,72.2,2017-07-01
Index of Natural Gas,NA,2017,8,69.5,2017-08-01
Index of Natural Gas,NA,2017,9,68.8,2017-09-01
Index of Natural Gas,NA,2017,10,71.0,2017-10-01
Index of Natural Gas,NA,2017,11,68.5,2017-11-01
Index of Natural Gas,NA,2017,12,69.2,2017-12-01
Index of Natural Gas,NA,2018,1,67.6,2018-01-01
Index of Natural Gas,NA,2018,2,62.1,2018-02-01
Index of Natural Gas,NA,2018,3,69.8,2018-03-01
Index of Natural Gas,NA,2018,4,67.1,2018-04-01
Index of Natural Gas,NA,2018,5,68.7,2018-05-01
Index of Natural Gas,NA,2018,6,67.4,2018-06-01
Index of Natural Gas,NA,2018,7,68.5,2018-07-01
Index of Natural Gas,NA,2018,8,70.2,2018-08-01
Index of Natural Gas,NA,2018,9,67.6,2018-09-01
Index of Natural Gas,NA,2018,10,70.3,2018-10-01
Index of Natural Gas,NA,2018,11,68.9,2018-11-01
Index of Natural Gas,NA,2018,12,72.2,2018-12-01
Index of Natural Gas,NA,2019,1,71.8,2019-01-01
Index of Natural Gas,NA,2019,2,64.4,2019-02-01
Index of Natural Gas,NA,2019,3,70.7,2019-03-01
Index of Natural Gas,NA,2019,4,66.6,2019-04-01
Index of Natural Gas,NA,2019,5,68.7,2019-05-01
Index of Natural Gas,NA,2019,6,66.0,2019-06-01
Index of Natural Gas,NA,2019,7,68.1,2019-07-01
Index of Natural Gas,NA,2019,8,67.4,2019-08-01
Index of Natural Gas,NA,2019,9,64.3,2019-09-01
Index of Natural Gas,NA,2019,10,66.3,2019-10-01
Index of Natural Gas,NA,2019,11,64.4,2019-11-01
Index of Natural Gas,NA,2019,12,65.5,2019-12-01
Index of Natural Gas,NA,2020,1,65.3,2020-01-01
Index of Natural Gas,NA,2020,2,58.3,2020-02-01
Index of Natural Gas,NA,2020,3,60.1,2020-03-01
Index of Natural Gas,NA,2020,4,53.3,2020-04-01
Index of Natural Gas,NA,2020,5,57.2,2020-05-01
Index of Natural Gas,NA,2020,6,58.1,2020-06-01
Index of Natural Gas,NA,2020,7,61.2,2020-07-01
Index of Natural Gas,NA,2020,8,61.0,2020-08-01
Index of Natural Gas,NA,2020,9,57.5,2020-09-01
Index of Natural Gas,NA,2020,10,60.6,2020-10-01
Index of Natural Gas,NA,2020,11,58.4,2020-11-01
Index of Natural Gas,NA,2020,12,60.8,2020-12-01
Index of Natural Gas,NA,2021,1,64.0,2021-01-01
Index of Natural Gas,NA,2021,2,57.7,2021-02-01
Index of Natural Gas,NA,2021,3,67.5,2021-03-01
Index of Natural Gas,NA,2021,4,66.7,2021-04-01
Index of Natural Gas,NA,2021,5,68.7,2021-05-01
Index of Natural Gas,NA,2021,6,70.0,2021-06-01
Index of Natural Gas,NA,2021,7,72.8,2021-07-01
Index of Natural Gas,NA,2021,8,73.7,2021-08-01
Index of Natural Gas,NA,2021,9,73.3,2021-09-01
Index of Natural Gas,NA,2021,10,76.3,2021-10-01
Index of Natural Gas,NA,2021,11,72.2,2021-11-01
Index of Natural Gas,NA,2021,12,72.7,2021-12-01
Index of Natural Gas,NA,2022,1,71.4,2022-01-01
Index of Natural Gas,NA,2022,2,64.9,2022-02-01
Index of Natural Gas,NA,2022,3,72.6,2022-03-01
Index of Natural Gas,NA,2022,5,73.5,2022-05-01
Index of Natural Gas,NA,2022,6,70.9,2022-06-01
Index of Natural Gas,NA,2022,7,72.6,2022-07-01
Index of Natural Gas,NA,2022,8,73.0,2022-08-01
Index of Natural Gas,NA,2022,9,72.1,2022-09-01
Index of Natural Gas,NA,2022,10,73.0,2022-10-01
Index of Natural Gas,NA,2022,11,71.8,2022-11-01
Index of Natural Gas,NA,2022,12,74.5,2022-12-01
Index of Natural Gas,NA,2023,1,75.2,2023-01-01
Index of Natural Gas,NA,2023,2,67.0,2023-02-01
Index of Natural Gas,NA,2023,3,74.6,2023-03-01
Index of Natural Gas,NA,2023,4,68.9,2023-04-01
Index of Natural Gas,NA,2023,5,73.2,2023-05-01
Index of Natural Gas,NA,2023,6,73.4,2023-06-01
Index of Natural Gas,NA,2023,7,79.0,2023-07-01
Index of Natural Gas,NA,2023,8,80.3,2023-08-01
Index of Natural Gas,NA,2023,9,76.8,2023-09-01
Index of Natural Gas,NA,2023,10,80.3,2023-10-01
Index of Natural Gas,NA,2023,11,77.2,2023-11-01
Index of Natural Gas,NA,2023,12,79.5,2023-12-01
Index of Natural Gas,NA,2024,1,79.3,2024-01-01
Index of Natural Gas,NA,2024,2,74.5,2024-02-01
Index of Natural Gas,NA,2024,3,79.3,2024-03-01
Index of Natural Gas,NA,2024,4,74.8,2024-04-01
Index of Natural Gas,NA,2024,5,78.7,2024-05-01
Index of Natural Gas,NA,2024,6,75.8,2024-06-01
Index of Natural Gas,NA,2024,7,78.0,2024-07-01
Growth of  Crude Oil (%),NA,2012,4,-1.4,2012-04-01
Growth of  Crude Oil (%),NA,2012,5,0.5,2012-05-01
Growth of  Crude Oil (%),NA,2012,6,-0.8,2012-06-01
Growth of  Crude Oil (%),NA,2012,7,-0.7,2012-07-01
Growth of  Crude Oil (%),NA,2012,8,-0.6,2012-08-01
Growth of  Crude Oil (%),NA,2012,9,-1.8,2012-09-01
Growth of  Crude Oil (%),NA,2012,10,-0.4,2012-10-01
Growth of  Crude Oil (%),NA,2012,11,0.8,2012-11-01
Growth of  Crude Oil (%),NA,2012,12,1.0,2012-12-01
Growth of  Crude Oil (%),NA,2013,1,-0.2,2013-01-01
Growth of  Crude Oil (%),NA,2013,2,-4.0,2013-02-01
Growth of  Crude Oil (%),NA,2013,3,0.2,2013-03-01
Growth of  Crude Oil (%),NA,2013,4,-1.2,2013-04-01
Growth of  Crude Oil (%),NA,2013,5,-2.5,2013-05-01
Growth of  Crude Oil (%),NA,2013,6,-0.6,2013-06-01
Growth of  Crude Oil (%),NA,2013,7,-2.3,2013-07-01
Growth of  Crude Oil (%),NA,2013,8,-1.5,2013-08-01
Growth of  Crude Oil (%),NA,2013,9,0.5,2013-09-01
Growth of  Crude Oil (%),NA,2013,10,-0.6,2013-10-01
Growth of  Crude Oil (%),NA,2013,11,1.2,2013-11-01
Growth of  Crude Oil (%),NA,2013,12,1.6,2013-12-01
Growth of  Crude Oil (%),NA,2014,1,3.0,2014-01-01
Growth of  Crude Oil (%),NA,2014,2,1.9,2014-02-01
Growth of  Crude Oil (%),NA,2014,3,-1.6,2014-03-01
Growth of  Crude Oil (%),NA,2014,4,-0.1,2014-04-01
Growth of  Crude Oil (%),NA,2014,5,-0.3,2014-05-01
Growth of  Crude Oil (%),NA,2014,6,0.0,2014-06-01
Growth of  Crude Oil (%),NA,2014,7,-1.0,2014-07-01
Growth of  Crude Oil (%),NA,2014,8,-4.9,2014-08-01
Growth of  Crude Oil (%),NA,2014,9,-1.1,2014-09-01
Growth of  Crude Oil (%),NA,2014,10,1.0,2014-10-01
Growth of  Crude Oil (%),NA,2014,11,-0.1,2014-11-01
Growth of  Crude Oil (%),NA,2014,12,-1.4,2014-12-01
Growth of  Crude Oil (%),NA,2015,1,-2.3,2015-01-01
Growth of  Crude Oil (%),NA,2015,2,-1.9,2015-02-01
Growth of  Crude Oil (%),NA,2015,3,1.7,2015-03-01
Growth of  Crude Oil (%),NA,2015,4,-2.5,2015-04-01
Growth of  Crude Oil (%),NA,2015,5,0.8,2015-05-01
Growth of  Crude Oil (%),NA,2015,6,-0.7,2015-06-01
Growth of  Crude Oil (%),NA,2015,7,-0.4,2015-07-01
Growth of  Crude Oil (%),NA,2015,8,5.6,2015-08-01
Growth of  Crude Oil (%),NA,2015,9,-0.1,2015-09-01
Growth of  Crude Oil (%),NA,2015,10,-2.1,2015-10-01
Growth of  Crude Oil (%),NA,2015,11,-3.3,2015-11-01
Growth of  Crude Oil (%),NA,2015,12,-4.1,2015-12-01
Growth of  Crude Oil (%),NA,2016,1,-4.7,2016-01-01
Growth of  Crude Oil (%),NA,2016,2,0.7,2016-02-01
Growth of  Crude Oil (%),NA,2016,3,-5.1,2016-03-01
Growth of  Crude Oil (%),NA,2016,4,-2.2,2016-04-01
Growth of  Crude Oil (%),NA,2016,5,-3.3,2016-05-01
Growth of  Crude Oil (%),NA,2016,6,-4.3,2016-06-01
Growth of  Crude Oil (%),NA,2016,7,-1.8,2016-07-01
Growth of  Crude Oil (%),NA,2016,8,-3.9,2016-08-01
Growth of  Crude Oil (%),NA,2016,9,-4.1,2016-09-01
Growth of  Crude Oil (%),NA,2016,10,-3.2,2016-10-01
Growth of  Crude Oil (%),NA,2016,11,-5.4,2016-11-01
Growth of  Crude Oil (%),NA,2016,12,-0.8,2016-12-01
Growth of  Crude Oil (%),NA,2017,1,1.3,2017-01-01
Growth of  Crude Oil (%),NA,2017,2,-3.4,2017-02-01
Growth of  Crude Oil (%),NA,2017,3,0.9,2017-03-01
Growth of  Crude Oil (%),NA,2017,4,-0.6,2017-04-01
Growth of  Crude Oil (%),NA,2017,5,0.7,2017-05-01
Growth of  Crude Oil (%),NA,2017,6,0.6,2017-06-01
Growth of  Crude Oil (%),NA,2017,7,-0.5,2017-07-01
Growth of  Crude Oil (%),NA,2017,8,-1.6,2017-08-01
Growth of  Crude Oil (%),NA,2017,9,0.1,2017-09-01
Growth of  Crude Oil (%),NA,2017,10,-0.4,2017-10-01
Growth of  Crude Oil (%),NA,2017,11,0.2,2017-11-01
Growth of  Crude Oil (%),NA,2017,12,-2.1,2017-12-01
Growth of  Crude Oil (%),NA,2018,1,-3.2,2018-01-01
Growth of  Crude Oil (%),NA,2018,2,-2.4,2018-02-01
Growth of  Crude Oil (%),NA,2018,3,-1.6,2018-03-01
Growth of  Crude Oil (%),NA,2018,4,-0.8,2018-04-01
Growth of  Crude Oil (%),NA,2018,5,-2.9,2018-05-01
Growth of  Crude Oil (%),NA,2018,6,-3.4,2018-06-01
Growth of  Crude Oil (%),NA,2018,7,-5.4,2018-07-01
Growth of  Crude Oil (%),NA,2018,8,-3.7,2018-08-01
Growth of  Crude Oil (%),NA,2018,9,-4.2,2018-09-01
Growth of  Crude Oil (%),NA,2018,10,-5.0,2018-10-01
Growth of  Crude Oil (%),NA,2018,11,-3.5,2018-11-01
Growth of  Crude Oil (%),NA,2018,12,-4.3,2018-12-01
Growth of  Crude Oil (%),NA,2019,1,-4.3,2019-01-01
Growth of  Crude Oil (%),NA,2019,2,-6.1,2019-02-01
Growth of  Crude Oil (%),NA,2019,3,-6.2,2019-03-01
Growth of  Crude Oil (%),NA,2019,4,-6.7,2019-04-01
Growth of  Crude Oil (%),NA,2019,5,-6.9,2019-05-01
Growth of  Crude Oil (%),NA,2019,6,-6.8,2019-06-01
Growth of  Crude Oil (%),NA,2019,7,-4.4,2019-07-01
Growth of  Crude Oil (%),NA,2019,8,-5.4,2019-08-01
Growth of  Crude Oil (%),NA,2019,9,-5.4,2019-09-01
Growth of  Crude Oil (%),NA,2019,10,-5.1,2019-10-01
Growth of  Crude Oil (%),NA,2019,11,-6.0,2019-11-01
Growth of  Crude Oil (%),NA,2019,12,-7.4,2019-12-01
Growth of  Crude Oil (%),NA,2020,1,-5.3,2020-01-01
Growth of  Crude Oil (%),NA,2020,2,-6.4,2020-02-01
Growth of  Crude Oil (%),NA,2020,3,-5.5,2020-03-01
Growth of  Crude Oil (%),NA,2020,4,-6.4,2020-04-01
Growth of  Crude Oil (%),NA,2020,5,-7.1,2020-05-01
Growth of  Crude Oil (%),NA,2020,6,-6.0,2020-06-01
Growth of  Crude Oil (%),NA,2020,7,-4.9,2020-07-01
Growth of  Crude Oil (%),NA,2020,8,-6.3,2020-08-01
Growth of  Crude Oil (%),NA,2020,9,-6.0,2020-09-01
Growth of  Crude Oil (%),NA,2020,10,-6.2,2020-10-01
Growth of  Crude Oil (%),NA,2020,11,-4.9,2020-11-01
Growth of  Crude Oil (%),NA,2020,12,-3.6,2020-12-01
Growth of  Crude Oil (%),NA,2021,1,-4.6,2021-01-01
Growth of  Crude Oil (%),NA,2021,2,-3.2,2021-02-01
Growth of  Crude Oil (%),NA,2021,3,-3.1,2021-03-01
Growth of  Crude Oil (%),NA,2021,4,-2.1,2021-04-01
Growth of  Crude Oil (%),NA,2021,5,-6.3,2021-05-01
Growth of  Crude Oil (%),NA,2021,6,-1.8,2021-06-01
Growth of  Crude Oil (%),NA,2021,7,-3.2,2021-07-01
Growth of  Crude Oil (%),NA,2021,8,-2.3,2021-08-01
Growth of  Crude Oil (%),NA,2021,9,-1.7,2021-09-01
Growth of  Crude Oil (%),NA,2021,10,-2.2,2021-10-01
Growth of  Crude Oil (%),NA,2021,11,-2.2,2021-11-01
Growth of  Crude Oil (%),NA,2021,12,-1.8,2021-12-01
Growth of  Crude Oil (%),NA,2022,1,-2.4,2022-01-01
Growth of  Crude Oil (%),NA,2022,2,-2.2,2022-02-01
Growth of  Crude Oil (%),NA,2022,3,-3.4,2022-03-01
Growth of  Crude Oil (%),NA,2022,5,4.6,2022-05-01
Growth of  Crude Oil (%),NA,2022,6,-1.7,2022-06-01
Growth of  Crude Oil (%),NA,2022,7,-3.8,2022-07-01
Growth of  Crude Oil (%),NA,2022,8,-3.3,2022-08-01
Growth of  Crude Oil (%),NA,2022,9,-2.3,2022-09-01
Growth of  Crude Oil (%),NA,2022,10,-2.2,2022-10-01
Growth of  Crude Oil (%),NA,2022,11,-1.1,2022-11-01
Growth of  Crude Oil (%),NA,2022,12,-1.2,2022-12-01
Growth of  Crude Oil (%),NA,2023,1,-1.1,2023-01-01
Growth of  Crude Oil (%),NA,2023,2,-4.9,2023-02-01
Growth of  Crude Oil (%),NA,2023,3,-2.8,2023-03-01
Growth of  Crude Oil (%),NA,2023,4,-3.5,2023-04-01
Growth of  Crude Oil (%),NA,2023,5,-1.9,2023-05-01
Growth of  Crude Oil (%),NA,2023,6,-0.6,2023-06-01
Growth of  Crude Oil (%),NA,2023,7,2.1,2023-07-01
Growth of  Crude Oil (%),NA,2023,8,2.1,2023-08-01
Growth of  Crude Oil (%),NA,2023,9,-0.4,2023-09-01
Growth of  Crude Oil (%),NA,2023,10,1.3,2023-10-01
Growth of  Crude Oil (%),NA,2023,11,-0.4,2023-11-01
Growth of  Crude Oil (%),NA,2023,12,-1.0,2023-12-01
Growth of  Crude Oil (%),NA,2024,1,0.7,2024-01-01
Growth of  Crude Oil (%),NA,2024,2,7.9,2024-02-01
Growth of  Crude Oil (%),NA,2024,3,2.1,2024-03-01
Growth of  Crude Oil (%),NA,2024,4,1.7,2024-04-01
Growth of  Crude Oil (%),NA,2024,5,-1.1,2024-05-01
Growth of  Crude Oil (%),NA,2024,6,-2.6,2024-06-01
Growth of  Crude Oil (%),NA,2024,7,-2.9,2024-07-01
Growth of  Electricity  (%),NA,2012,4,5.4,2012-04-01
Growth of  Electricity  (%),NA,2012,5,5.9,2012-05-01
Growth of  Electricity  (%),NA,2012,6,8.8,2012-06-01
Growth of  Electricity  (%),NA,2012,7,2.7,2012-07-01
Growth of  Electricity  (%),NA,2012,8,1.9,2012-08-01
Growth of  Electricity  (%),NA,2012,9,3.9,2012-09-01
Growth of  Electricity  (%),NA,2012,10,5.5,2012-10-01
Growth of  Electricity  (%),NA,2012,11,2.4,2012-11-01
Growth of  Electricity  (%),NA,2012,12,5.2,2012-12-01
Growth of  Electricity  (%),NA,2013,1,6.3,2013-01-01
Growth of  Electricity  (%),NA,2013,2,-3.7,2013-02-01
Growth of  Electricity  (%),NA,2013,3,3.5,2013-03-01
Growth of  Electricity  (%),NA,2013,4,3.5,2013-04-01
Growth of  Electricity  (%),NA,2013,5,6.2,2013-05-01
Growth of  Electricity  (%),NA,2013,6,0.0,2013-06-01
Growth of  Electricity  (%),NA,2013,7,5.2,2013-07-01
Growth of  Electricity  (%),NA,2013,8,7.1,2013-08-01
Growth of  Electricity  (%),NA,2013,9,12.9,2013-09-01
Growth of  Electricity  (%),NA,2013,10,1.3,2013-10-01
Growth of  Electricity  (%),NA,2013,11,6.3,2013-11-01
Growth of  Electricity  (%),NA,2013,12,7.7,2013-12-01
Growth of  Electricity  (%),NA,2014,1,6.5,2014-01-01
Growth of  Electricity  (%),NA,2014,2,11.5,2014-02-01
Growth of  Electricity  (%),NA,2014,3,5.4,2014-03-01
Growth of  Electricity  (%),NA,2014,4,16.7,2014-04-01
Growth of  Electricity  (%),NA,2014,5,11.4,2014-05-01
Growth of  Electricity  (%),NA,2014,6,24.2,2014-06-01
Growth of  Electricity  (%),NA,2014,7,21.7,2014-07-01
Growth of  Electricity  (%),NA,2014,8,21.8,2014-08-01
Growth of  Electricity  (%),NA,2014,9,10.8,2014-09-01
Growth of  Electricity  (%),NA,2014,10,19.5,2014-10-01
Growth of  Electricity  (%),NA,2014,11,14.8,2014-11-01
Growth of  Electricity  (%),NA,2014,12,10.2,2014-12-01
Growth of  Electricity  (%),NA,2015,1,8.6,2015-01-01
Growth of  Electricity  (%),NA,2015,2,11.9,2015-02-01
Growth of  Electricity  (%),NA,2015,3,7.5,2015-03-01
Growth of  Electricity  (%),NA,2015,4,0.4,2015-04-01
Growth of  Electricity  (%),NA,2015,5,7.0,2015-05-01
Growth of  Electricity  (%),NA,2015,6,0.6,2015-06-01
Growth of  Electricity  (%),NA,2015,7,4.1,2015-07-01
Growth of  Electricity  (%),NA,2015,8,5.6,2015-08-01
Growth of  Electricity  (%),NA,2015,9,10.5,2015-09-01
Growth of  Electricity  (%),NA,2015,10,8.3,2015-10-01
Growth of  Electricity  (%),NA,2015,11,1.1,2015-11-01
Growth of  Electricity  (%),NA,2015,12,3.4,2015-12-01
Growth of  Electricity  (%),NA,2016,1,6.1,2016-01-01
Growth of  Electricity  (%),NA,2016,2,9.6,2016-02-01
Growth of  Electricity  (%),NA,2016,3,11.9,2016-03-01
Growth of  Electricity  (%),NA,2016,4,14.5,2016-04-01
Growth of  Electricity  (%),NA,2016,5,6.2,2016-05-01
Growth of  Electricity  (%),NA,2016,6,9.8,2016-06-01
Growth of  Electricity  (%),NA,2016,7,2.1,2016-07-01
Growth of  Electricity  (%),NA,2016,8,2.2,2016-08-01
Growth of  Electricity  (%),NA,2016,9,5.1,2016-09-01
Growth of  Electricity  (%),NA,2016,10,3.0,2016-10-01
Growth of  Electricity  (%),NA,2016,11,9.5,2016-11-01
Growth of  Electricity  (%),NA,2016,12,6.4,2016-12-01
Growth of  Electricity  (%),NA,2017,1,5.2,2017-01-01
Growth of  Electricity  (%),NA,2017,2,1.2,2017-02-01
Growth of  Electricity  (%),NA,2017,3,6.2,2017-03-01
Growth of  Electricity  (%),NA,2017,4,5.3,2017-04-01
Growth of  Electricity  (%),NA,2017,5,8.2,2017-05-01
Growth of  Electricity  (%),NA,2017,6,2.2,2017-06-01
Growth of  Electricity  (%),NA,2017,7,6.6,2017-07-01
Growth of  Electricity  (%),NA,2017,8,8.3,2017-08-01
Growth of  Electricity  (%),NA,2017,9,3.4,2017-09-01
Growth of  Electricity  (%),NA,2017,10,3.2,2017-10-01
Growth of  Electricity  (%),NA,2017,11,3.9,2017-11-01
Growth of  Electricity  (%),NA,2017,12,4.4,2017-12-01
Growth of  Electricity  (%),NA,2018,1,7.7,2018-01-01
Growth of  Electricity  (%),NA,2018,2,4.6,2018-02-01
Growth of  Electricity  (%),NA,2018,3,6.0,2018-03-01
Growth of  Electricity  (%),NA,2018,4,2.1,2018-04-01
Growth of  Electricity  (%),NA,2018,5,4.1,2018-05-01
Growth of  Electricity  (%),NA,2018,6,8.4,2018-06-01
Growth of  Electricity  (%),NA,2018,7,6.7,2018-07-01
Growth of  Electricity  (%),NA,2018,8,7.6,2018-08-01
Growth of  Electricity  (%),NA,2018,9,8.2,2018-09-01
Growth of  Electricity  (%),NA,2018,10,10.9,2018-10-01
Growth of  Electricity  (%),NA,2018,11,5.1,2018-11-01
Growth of  Electricity  (%),NA,2018,12,4.4,2018-12-01
Growth of  Electricity  (%),NA,2019,1,0.8,2019-01-01
Growth of  Electricity  (%),NA,2019,2,1.2,2019-02-01
Growth of  Electricity  (%),NA,2019,3,2.1,2019-03-01
Growth of  Electricity  (%),NA,2019,4,5.9,2019-04-01
Growth of  Electricity  (%),NA,2019,5,7.4,2019-05-01
Growth of  Electricity  (%),NA,2019,6,8.6,2019-06-01
Growth of  Electricity  (%),NA,2019,7,5.2,2019-07-01
Growth of  Electricity  (%),NA,2019,8,-0.9,2019-08-01
Growth of  Electricity  (%),NA,2019,9,-2.6,2019-09-01
Growth of  Electricity  (%),NA,2019,10,-12.2,2019-10-01
Growth of  Electricity  (%),NA,2019,11,-4.9,2019-11-01
Growth of  Electricity  (%),NA,2019,12,0.0,2019-12-01
Growth of  Electricity  (%),NA,2020,1,3.2,2020-01-01
Growth of  Electricity  (%),NA,2020,2,11.5,2020-02-01
Growth of  Electricity  (%),NA,2020,3,-8.2,2020-03-01
Growth of  Electricity  (%),NA,2020,4,-22.9,2020-04-01
Growth of  Electricity  (%),NA,2020,5,-14.8,2020-05-01
Growth of  Electricity  (%),NA,2020,6,-10.0,2020-06-01
Growth of  Electricity  (%),NA,2020,7,-2.4,2020-07-01
Growth of  Electricity  (%),NA,2020,8,-1.8,2020-08-01
Growth of  Electricity  (%),NA,2020,9,4.8,2020-09-01
Growth of  Electricity  (%),NA,2020,10,11.2,2020-10-01
Growth of  Electricity  (%),NA,2020,11,3.5,2020-11-01
Growth of  Electricity  (%),NA,2020,12,5.1,2020-12-01
Growth of  Electricity  (%),NA,2021,1,5.5,2021-01-01
Growth of  Electricity  (%),NA,2021,2,0.2,2021-02-01
Growth of  Electricity  (%),NA,2021,3,22.5,2021-03-01
Growth of  Electricity  (%),NA,2021,4,38.5,2021-04-01
Growth of  Electricity  (%),NA,2021,5,7.5,2021-05-01
Growth of  Electricity  (%),NA,2021,6,8.2,2021-06-01
Growth of  Electricity  (%),NA,2021,7,11.0,2021-07-01
Growth of  Electricity  (%),NA,2021,8,16.0,2021-08-01
Growth of  Electricity  (%),NA,2021,9,0.9,2021-09-01
Growth of  Electricity  (%),NA,2021,10,3.2,2021-10-01
Growth of  Electricity  (%),NA,2021,11,2.1,2021-11-01
Growth of  Electricity  (%),NA,2021,12,2.9,2021-12-01
Growth of  Electricity  (%),NA,2022,1,0.9,2022-01-01
Growth of  Electricity  (%),NA,2022,2,4.5,2022-02-01
Growth of  Electricity  (%),NA,2022,3,6.1,2022-03-01
Growth of  Electricity  (%),NA,2022,5,23.5,2022-05-01
Growth of  Electricity  (%),NA,2022,6,16.5,2022-06-01
Growth of  Electricity  (%),NA,2022,7,2.3,2022-07-01
Growth of  Electricity  (%),NA,2022,8,1.4,2022-08-01
Growth of  Electricity  (%),NA,2022,9,11.6,2022-09-01
Growth of  Electricity  (%),NA,2022,10,1.2,2022-10-01
Growth of  Electricity  (%),NA,2022,11,12.7,2022-11-01
Growth of  Electricity  (%),NA,2022,12,10.4,2022-12-01
Growth of  Electricity  (%),NA,2023,1,12.7,2023-01-01
Growth of  Electricity  (%),NA,2023,2,8.2,2023-02-01
Growth of  Electricity  (%),NA,2023,3,-1.6,2023-03-01
Growth of  Electricity  (%),NA,2023,4,-1.1,2023-04-01
Growth of  Electricity  (%),NA,2023,5,0.8,2023-05-01
Growth of  Electricity  (%),NA,2023,6,4.2,2023-06-01
Growth of  Electricity  (%),NA,2023,7,8.0,2023-07-01
Growth of  Electricity  (%),NA,2023,8,15.3,2023-08-01
Growth of  Electricity  (%),NA,2023,9,9.9,2023-09-01
Growth of  Electricity  (%),NA,2023,10,20.3,2023-10-01
Growth of  Electricity  (%),NA,2023,11,5.7,2023-11-01
Growth of  Electricity  (%),NA,2023,12,1.2,2023-12-01
Growth of  Electricity  (%),NA,2024,1,5.7,2024-01-01
Growth of  Electricity  (%),NA,2024,2,7.6,2024-02-01
Growth of  Electricity  (%),NA,2024,3,8.6,2024-03-01
Growth of  Electricity  (%),NA,2024,4,10.2,2024-04-01
Growth of  Electricity  (%),NA,2024,5,13.7,2024-05-01
Growth of  Electricity  (%),NA,2024,6,8.6,2024-06-01
Growth of  Electricity  (%),NA,2024,7,7.0,2024-07-01
Overall Growth rate,NA,2012,4,2.1,2012-04-01
Overall Growth rate,NA,2012,5,6.0,2012-05-01
Overall Growth rate,NA,2012,6,4.6,2012-06-01
Overall Growth rate,NA,2012,7,4.2,2012-07-01
Overall Growth rate,NA,2012,8,2.5,2012-08-01
Overall Growth rate,NA,2012,9,5.0,2012-09-01
Overall Growth rate,NA,2012,10,5.6,2012-10-01
Overall Growth rate,NA,2012,11,2.8,2012-11-01
Overall Growth rate,NA,2012,12,4.2,2012-12-01
Overall Growth rate,NA,2013,1,5.0,2013-01-01
Overall Growth rate,NA,2013,2,-0.2,2013-02-01
Overall Growth rate,NA,2013,3,3.9,2013-03-01
Overall Growth rate,NA,2013,4,2.4,2013-04-01
Overall Growth rate,NA,2013,5,1.6,2013-05-01
Overall Growth rate,NA,2013,6,0.0,2013-06-01
Overall Growth rate,NA,2013,7,2.2,2013-07-01
Overall Growth rate,NA,2013,8,4.2,2013-08-01
Overall Growth rate,NA,2013,9,7.9,2013-09-01
Overall Growth rate,NA,2013,10,-1.0,2013-10-01
Overall Growth rate,NA,2013,11,0.6,2013-11-01
Overall Growth rate,NA,2013,12,2.8,2013-12-01
Overall Growth rate,NA,2014,1,2.5,2014-01-01
Overall Growth rate,NA,2014,2,4.9,2014-02-01
Overall Growth rate,NA,2014,3,2.9,2014-03-01
Overall Growth rate,NA,2014,4,5.0,2014-04-01
Overall Growth rate,NA,2014,5,5.2,2014-05-01
Overall Growth rate,NA,2014,6,9.6,2014-06-01
Overall Growth rate,NA,2014,7,4.2,2014-07-01
Overall Growth rate,NA,2014,8,5.6,2014-08-01
Overall Growth rate,NA,2014,9,3.4,2014-09-01
Overall Growth rate,NA,2014,10,8.9,2014-10-01
Overall Growth rate,NA,2014,11,9.3,2014-11-01
Overall Growth rate,NA,2014,12,3.3,2014-12-01
Overall Growth rate,NA,2015,1,2.9,2015-01-01
Overall Growth rate,NA,2015,2,3.0,2015-02-01
Overall Growth rate,NA,2015,3,0.1,2015-03-01
Overall Growth rate,NA,2015,4,-0.5,2015-04-01
Overall Growth rate,NA,2015,5,2.4,2015-05-01
Overall Growth rate,NA,2015,6,1.4,2015-06-01
Overall Growth rate,NA,2015,7,3.0,2015-07-01
Overall Growth rate,NA,2015,8,4.0,2015-08-01
Overall Growth rate,NA,2015,9,2.4,2015-09-01
Overall Growth rate,NA,2015,10,1.2,2015-10-01
Overall Growth rate,NA,2015,11,0.2,2015-11-01
Overall Growth rate,NA,2015,12,1.8,2015-12-01
Overall Growth rate,NA,2016,1,4.2,2016-01-01
Overall Growth rate,NA,2016,2,7.7,2016-02-01
Overall Growth rate,NA,2016,3,7.7,2016-03-01
Overall Growth rate,NA,2016,4,8.7,2016-04-01
Overall Growth rate,NA,2016,5,5.2,2016-05-01
Overall Growth rate,NA,2016,6,7.0,2016-06-01
Overall Growth rate,NA,2016,7,3.1,2016-07-01
Overall Growth rate,NA,2016,8,3.1,2016-08-01
Overall Growth rate,NA,2016,9,5.3,2016-09-01
Overall Growth rate,NA,2016,10,7.1,2016-10-01
Overall Growth rate,NA,2016,11,3.2,2016-11-01
Overall Growth rate,NA,2016,12,5.6,2016-12-01
Overall Growth rate,NA,2017,1,3.4,2017-01-01
Overall Growth rate,NA,2017,2,0.6,2017-02-01
Overall Growth rate,NA,2017,3,5.2,2017-03-01
Overall Growth rate,NA,2017,4,2.6,2017-04-01
Overall Growth rate,NA,2017,5,3.9,2017-05-01
Overall Growth rate,NA,2017,6,1.0,2017-06-01
Overall Growth rate,NA,2017,7,2.9,2017-07-01
Overall Growth rate,NA,2017,8,4.4,2017-08-01
Overall Growth rate,NA,2017,9,4.7,2017-09-01
Overall Growth rate,NA,2017,10,5.0,2017-10-01
Overall Growth rate,NA,2017,11,6.9,2017-11-01
Overall Growth rate,NA,2017,12,3.8,2017-12-01
Overall Growth rate,NA,2018,1,6.2,2018-01-01
Overall Growth rate,NA,2018,2,5.4,2018-02-01
Overall Growth rate,NA,2018,3,4.5,2018-03-01
Overall Growth rate,NA,2018,4,4.7,2018-04-01
Overall Growth rate,NA,2018,5,4.1,2018-05-01
Overall Growth rate,NA,2018,6,7.8,2018-06-01
Overall Growth rate,NA,2018,7,7.3,2018-07-01
Overall Growth rate,NA,2018,8,4.7,2018-08-01
Overall Growth rate,NA,2018,9,4.3,2018-09-01
Overall Growth rate,NA,2018,10,4.8,2018-10-01
Overall Growth rate,NA,2018,11,3.3,2018-11-01
Overall Growth rate,NA,2018,12,2.1,2018-12-01
Overall Growth rate,NA,2019,1,1.5,2019-01-01
Overall Growth rate,NA,2019,2,2.2,2019-02-01
Overall Growth rate,NA,2019,3,5.8,2019-03-01
Overall Growth rate,NA,2019,4,5.2,2019-04-01
Overall Growth rate,NA,2019,5,3.8,2019-05-01
Overall Growth rate,NA,2019,6,1.2,2019-06-01
Overall Growth rate,NA,2019,7,2.6,2019-07-01
Overall Growth rate,NA,2019,8,-0.2,2019-08-01
Overall Growth rate,NA,2019,9,-5.1,2019-09-01
Overall Growth rate,NA,2019,10,-5.5,2019-10-01
Overall Growth rate,NA,2019,11,0.7,2019-11-01
Overall Growth rate,NA,2019,12,3.1,2019-12-01
Overall Growth rate,NA,2020,1,2.2,2020-01-01
Overall Growth rate,NA,2020,2,6.4,2020-02-01
Overall Growth rate,NA,2020,3,-8.6,2020-03-01
Overall Growth rate,NA,2020,4,-37.9,2020-04-01
Overall Growth rate,NA,2020,5,-21.4,2020-05-01
Overall Growth rate,NA,2020,6,-12.4,2020-06-01
Overall Growth rate,NA,2020,7,-7.6,2020-07-01
Overall Growth rate,NA,2020,8,-6.9,2020-08-01
Overall Growth rate,NA,2020,9,0.6,2020-09-01
Overall Growth rate,NA,2020,10,-0.5,2020-10-01
Overall Growth rate,NA,2020,11,-1.1,2020-11-01
Overall Growth rate,NA,2020,12,0.4,2020-12-01
Overall Growth rate,NA,2021,1,1.3,2021-01-01
Overall Growth rate,NA,2021,2,-3.3,2021-02-01
Overall Growth rate,NA,2021,3,12.6,2021-03-01
Overall Growth rate,NA,2021,4,62.6,2021-04-01
Overall Growth rate,NA,2021,5,16.4,2021-05-01
Overall Growth rate,NA,2021,6,9.4,2021-06-01
Overall Growth rate,NA,2021,7,9.9,2021-07-01
Overall Growth rate,NA,2021,8,12.2,2021-08-01
Overall Growth rate,NA,2021,9,5.4,2021-09-01
Overall Growth rate,NA,2021,10,8.7,2021-10-01
Overall Growth rate,NA,2021,11,3.2,2021-11-01
Overall Growth rate,NA,2021,12,4.1,2021-12-01
Overall Growth rate,NA,2022,1,4.0,2022-01-01
Overall Growth rate,NA,2022,2,5.9,2022-02-01
Overall Growth rate,NA,2022,3,4.8,2022-03-01
Overall Growth rate,NA,2022,5,19.3,2022-05-01
Overall Growth rate,NA,2022,6,13.1,2022-06-01
Overall Growth rate,NA,2022,7,4.8,2022-07-01
Overall Growth rate,NA,2022,8,4.2,2022-08-01
Overall Growth rate,NA,2022,9,8.3,2022-09-01
Overall Growth rate,NA,2022,10,0.7,2022-10-01
Overall Growth rate,NA,2022,11,5.7,2022-11-01
Overall Growth rate,NA,2022,12,8.3,2022-12-01
Overall Growth rate,NA,2023,1,9.7,2023-01-01
Overall Growth rate,NA,2023,2,7.4,2023-02-01
Overall Growth rate,NA,2023,3,4.2,2023-03-01
Overall Growth rate,NA,2023,4,4.6,2023-04-01
Overall Growth rate,NA,2023,5,5.2,2023-05-01
Overall Growth rate,NA,2023,6,8.4,2023-06-01
Overall Growth rate,NA,2023,7,8.5,2023-07-01
Overall Growth rate,NA,2023,8,13.4,2023-08-01
Overall Growth rate,NA,2023,9,9.4,2023-09-01
Overall Growth rate,NA,2023,10,12.7,2023-10-01
Overall Growth rate,NA,2023,11,7.9,2023-11-01
Overall Growth rate,NA,2023,12,5.0,2023-12-01
Overall Growth rate,NA,2024,1,4.1,2024-01-01
Overall Growth rate,NA,2024,2,7.1,2024-02-01
Overall Growth rate,NA,2024,3,6.3,2024-03-01
Overall Growth rate,NA,2024,4,6.9,2024-04-01
Overall Growth rate,NA,2024,5,6.4,2024-05-01
Overall Growth rate,NA,2024,6,5.1,2024-06-01
Overall Growth rate,NA,2024,7,6.1,2024-07-01
Growth of  Steel  (%),NA,2012,4,11.2,2012-04-01
Growth of  Steel  (%),NA,2012,5,20.4,2012-05-01
Growth of  Steel  (%),NA,2012,6,7.9,2012-06-01
Growth of  Steel  (%),NA,2012,7,12.5,2012-07-01
Growth of  Steel  (%),NA,2012,8,3.0,2012-08-01
Growth of  Steel  (%),NA,2012,9,1.8,2012-09-01
Growth of  Steel  (%),NA,2012,10,-4.8,2012-10-01
Growth of  Steel  (%),NA,2012,11,13.3,2012-11-01
Growth of  Steel  (%),NA,2012,12,8.3,2012-12-01
Growth of  Steel  (%),NA,2013,1,6.4,2013-01-01
Growth of  Steel  (%),NA,2013,2,4.7,2013-02-01
Growth of  Steel  (%),NA,2013,3,11.5,2013-03-01
Growth of  Steel  (%),NA,2013,4,3.1,2013-04-01
Growth of  Steel  (%),NA,2013,5,1.5,2013-05-01
Growth of  Steel  (%),NA,2013,6,4.0,2013-06-01
Growth of  Steel  (%),NA,2013,7,6.1,2013-07-01
Growth of  Steel  (%),NA,2013,8,8.0,2013-08-01
Growth of  Steel  (%),NA,2013,9,10.1,2013-09-01
Growth of  Steel  (%),NA,2013,10,6.0,2013-10-01
Growth of  Steel  (%),NA,2013,11,4.8,2013-11-01
Growth of  Steel  (%),NA,2013,12,10.4,2013-12-01
Growth of  Steel  (%),NA,2014,1,10.8,2014-01-01
Growth of  Steel  (%),NA,2014,2,11.4,2014-02-01
Growth of  Steel  (%),NA,2014,3,11.8,2014-03-01
Growth of  Steel  (%),NA,2014,4,5.4,2014-04-01
Growth of  Steel  (%),NA,2014,5,8.0,2014-05-01
Growth of  Steel  (%),NA,2014,6,12.4,2014-06-01
Growth of  Steel  (%),NA,2014,7,2.7,2014-07-01
Growth of  Steel  (%),NA,2014,8,9.4,2014-08-01
Growth of  Steel  (%),NA,2014,9,6.6,2014-09-01
Growth of  Steel  (%),NA,2014,10,14.2,2014-10-01
Growth of  Steel  (%),NA,2014,11,9.9,2014-11-01
Growth of  Steel  (%),NA,2014,12,0.0,2014-12-01
Growth of  Steel  (%),NA,2015,1,3.4,2015-01-01
Growth of  Steel  (%),NA,2015,2,-0.6,2015-02-01
Growth of  Steel  (%),NA,2015,3,-6.5,2015-03-01
Growth of  Steel  (%),NA,2015,4,2.1,2015-04-01
Growth of  Steel  (%),NA,2015,5,-7.0,2015-05-01
Growth of  Steel  (%),NA,2015,6,-1.9,2015-06-01
Growth of  Steel  (%),NA,2015,7,-2.0,2015-07-01
Growth of  Steel  (%),NA,2015,8,-3.4,2015-08-01
Growth of  Steel  (%),NA,2015,9,-0.9,2015-09-01
Growth of  Steel  (%),NA,2015,10,-5.5,2015-10-01
Growth of  Steel  (%),NA,2015,11,-6.8,2015-11-01
Growth of  Steel  (%),NA,2015,12,-3.1,2015-12-01
Growth of  Steel  (%),NA,2016,1,0.0,2016-01-01
Growth of  Steel  (%),NA,2016,2,6.1,2016-02-01
Growth of  Steel  (%),NA,2016,3,7.8,2016-03-01
Growth of  Steel  (%),NA,2016,4,4.5,2016-04-01
Growth of  Steel  (%),NA,2016,5,13.4,2016-05-01
Growth of  Steel  (%),NA,2016,6,8.8,2016-06-01
Growth of  Steel  (%),NA,2016,7,0.0,2016-07-01
Growth of  Steel  (%),NA,2016,8,16.7,2016-08-01
Growth of  Steel  (%),NA,2016,9,16.1,2016-09-01
Growth of  Steel  (%),NA,2016,10,17.4,2016-10-01
Growth of  Steel  (%),NA,2016,11,5.4,2016-11-01
Growth of  Steel  (%),NA,2016,12,15.9,2016-12-01
Growth of  Steel  (%),NA,2017,1,11.3,2017-01-01
Growth of  Steel  (%),NA,2017,2,8.7,2017-02-01
Growth of  Steel  (%),NA,2017,3,11.0,2017-03-01
Growth of  Steel  (%),NA,2017,4,9.0,2017-04-01
Growth of  Steel  (%),NA,2017,5,3.8,2017-05-01
Growth of  Steel  (%),NA,2017,6,6.0,2017-06-01
Growth of  Steel  (%),NA,2017,7,9.4,2017-07-01
Growth of  Steel  (%),NA,2017,8,2.2,2017-08-01
Growth of  Steel  (%),NA,2017,9,3.7,2017-09-01
Growth of  Steel  (%),NA,2017,10,8.6,2017-10-01
Growth of  Steel  (%),NA,2017,11,14.5,2017-11-01
Growth of  Steel  (%),NA,2017,12,0.4,2017-12-01
Growth of  Steel  (%),NA,2018,1,1.7,2018-01-01
Growth of  Steel  (%),NA,2018,2,5.0,2018-02-01
Growth of  Steel  (%),NA,2018,3,4.7,2018-03-01
Growth of  Steel  (%),NA,2018,4,3.0,2018-04-01
Growth of  Steel  (%),NA,2018,5,-0.1,2018-05-01
Growth of  Steel  (%),NA,2018,6,4.2,2018-06-01
Growth of  Steel  (%),NA,2018,7,6.9,2018-07-01
Growth of  Steel  (%),NA,2018,8,4.0,2018-08-01
Growth of  Steel  (%),NA,2018,9,3.2,2018-09-01
Growth of  Steel  (%),NA,2018,10,2.4,2018-10-01
Growth of  Steel  (%),NA,2018,11,5.3,2018-11-01
Growth of  Steel  (%),NA,2018,12,10.1,2018-12-01
Growth of  Steel  (%),NA,2019,1,5.5,2019-01-01
Growth of  Steel  (%),NA,2019,2,4.9,2019-02-01
Growth of  Steel  (%),NA,2019,3,11.5,2019-03-01
Growth of  Steel  (%),NA,2019,4,13.3,2019-04-01
Growth of  Steel  (%),NA,2019,5,13.3,2019-05-01
Growth of  Steel  (%),NA,2019,6,10.8,2019-06-01
Growth of  Steel  (%),NA,2019,7,8.1,2019-07-01
Growth of  Steel  (%),NA,2019,8,3.8,2019-08-01
Growth of  Steel  (%),NA,2019,9,-1.4,2019-09-01
Growth of  Steel  (%),NA,2019,10,-0.5,2019-10-01
Growth of  Steel  (%),NA,2019,11,7.0,2019-11-01
Growth of  Steel  (%),NA,2019,12,8.7,2019-12-01
Growth of  Steel  (%),NA,2020,1,1.6,2020-01-01
Growth of  Steel  (%),NA,2020,2,2.9,2020-02-01
Growth of  Steel  (%),NA,2020,3,-21.9,2020-03-01
Growth of  Steel  (%),NA,2020,4,-82.8,2020-04-01
Growth of  Steel  (%),NA,2020,5,-40.4,2020-05-01
Growth of  Steel  (%),NA,2020,6,-23.2,2020-06-01
Growth of  Steel  (%),NA,2020,7,-6.5,2020-07-01
Growth of  Steel  (%),NA,2020,8,0.5,2020-08-01
Growth of  Steel  (%),NA,2020,9,6.2,2020-09-01
Growth of  Steel  (%),NA,2020,10,5.9,2020-10-01
Growth of  Steel  (%),NA,2020,11,0.7,2020-11-01
Growth of  Steel  (%),NA,2020,12,3.5,2020-12-01
Growth of  Steel  (%),NA,2021,1,8.2,2021-01-01
Growth of  Steel  (%),NA,2021,2,2.2,2021-02-01
Growth of  Steel  (%),NA,2021,3,31.5,2021-03-01
Growth of  Steel  (%),NA,2021,4,494.8,2021-04-01
Growth of  Steel  (%),NA,2021,5,55.1,2021-05-01
Growth of  Steel  (%),NA,2021,6,25.2,2021-06-01
Growth of  Steel  (%),NA,2021,7,9.4,2021-07-01
Growth of  Steel  (%),NA,2021,8,6.9,2021-08-01
Growth of  Steel  (%),NA,2021,9,7.1,2021-09-01
Growth of  Steel  (%),NA,2021,10,5.9,2021-10-01
Growth of  Steel  (%),NA,2021,11,0.9,2021-11-01
Growth of  Steel  (%),NA,2021,12,-0.6,2021-12-01
Growth of  Steel  (%),NA,2022,1,3.8,2022-01-01
Growth of  Steel  (%),NA,2022,2,5.6,2022-02-01
Growth of  Steel  (%),NA,2022,3,4.1,2022-03-01
Growth of  Steel  (%),NA,2022,5,15.1,2022-05-01
Growth of  Steel  (%),NA,2022,6,3.3,2022-06-01
Growth of  Steel  (%),NA,2022,7,7.5,2022-07-01
Growth of  Steel  (%),NA,2022,8,5.8,2022-08-01
Growth of  Steel  (%),NA,2022,9,7.7,2022-09-01
Growth of  Steel  (%),NA,2022,10,5.8,2022-10-01
Growth of  Steel  (%),NA,2022,11,11.5,2022-11-01
Growth of  Steel  (%),NA,2022,12,12.3,2022-12-01
Growth of  Steel  (%),NA,2023,1,14.3,2023-01-01
Growth of  Steel  (%),NA,2023,2,12.4,2023-02-01
Growth of  Steel  (%),NA,2023,3,12.1,2023-03-01
Growth of  Steel  (%),NA,2023,4,16.6,2023-04-01
Growth of  Steel  (%),NA,2023,5,12.0,2023-05-01
Growth of  Steel  (%),NA,2023,6,21.3,2023-06-01
Growth of  Steel  (%),NA,2023,7,14.9,2023-07-01
Growth of  Steel  (%),NA,2023,8,16.3,2023-08-01
Growth of  Steel  (%),NA,2023,9,14.8,2023-09-01
Growth of  Steel  (%),NA,2023,10,13.6,2023-10-01
Growth of  Steel  (%),NA,2023,11,9.8,2023-11-01
Growth of  Steel  (%),NA,2023,12,8.3,2023-12-01
Growth of  Steel  (%),NA,2024,1,9.2,2024-01-01
Growth of  Steel  (%),NA,2024,2,9.4,2024-02-01
Growth of  Steel  (%),NA,2024,3,7.5,2024-03-01
Growth of  Steel  (%),NA,2024,4,9.8,2024-04-01
Growth of  Steel  (%),NA,2024,5,6.8,2024-05-01
Growth of  Steel  (%),NA,2024,6,6.7,2024-06-01
Growth of  Steel  (%),NA,2024,7,7.2,2024-07-01
Index of Cement,NA,2011,4,97.7,2011-04-01
Index of Cement,NA,2011,5,95.6,2011-05-01
Index of Cement,NA,2011,6,93.4,2011-06-01
Index of Cement,NA,2011,7,97.5,2011-07-01
Index of Cement,NA,2011,8,92.0,2011-08-01
Index of Cement,NA,2011,9,85.9,2011-09-01
Index of Cement,NA,2011,10,99.6,2011-10-01
Index of Cement,NA,2011,11,94.4,2011-11-01
Index of Cement,NA,2011,12,105.3,2011-12-01
Index of Cement,NA,2012,1,110.3,2012-01-01
Index of Cement,NA,2012,2,108.8,2012-02-01
Index of Cement,NA,2012,3,119.7,2012-03-01
Index of Cement,NA,2012,4,106.8,2012-04-01
Index of Cement,NA,2012,5,107.1,2012-05-01
Index of Cement,NA,2012,6,103.2,2012-06-01
Index of Cement,NA,2012,7,101.6,2012-07-01
Index of Cement,NA,2012,8,92.8,2012-08-01
Index of Cement,NA,2012,9,98.1,2012-09-01
Index of Cement,NA,2012,10,106.7,2012-10-01
Index of Cement,NA,2012,11,94.6,2012-11-01
Index of Cement,NA,2012,12,115.2,2012-12-01
Index of Cement,NA,2013,1,121.5,2013-01-01
Index of Cement,NA,2013,2,112.2,2013-02-01
Index of Cement,NA,2013,3,129.6,2013-03-01
Index of Cement,NA,2013,4,116.9,2013-04-01
Index of Cement,NA,2013,5,114.1,2013-05-01
Index of Cement,NA,2013,6,105.9,2013-06-01
Index of Cement,NA,2013,7,101.8,2013-07-01
Index of Cement,NA,2013,8,97.5,2013-08-01
Index of Cement,NA,2013,9,110.0,2013-09-01
Index of Cement,NA,2013,10,107.7,2013-10-01
Index of Cement,NA,2013,11,98.2,2013-11-01
Index of Cement,NA,2013,12,116.6,2013-12-01
Index of Cement,NA,2014,1,123.9,2014-01-01
Index of Cement,NA,2014,2,114.9,2014-02-01
Index of Cement,NA,2014,3,130.1,2014-03-01
Index of Cement,NA,2014,4,127.0,2014-04-01
Index of Cement,NA,2014,5,125.2,2014-05-01
Index of Cement,NA,2014,6,121.6,2014-06-01
Index of Cement,NA,2014,7,118.7,2014-07-01
Index of Cement,NA,2014,8,107.3,2014-08-01
Index of Cement,NA,2014,9,114.0,2014-09-01
Index of Cement,NA,2014,10,106.4,2014-10-01
Index of Cement,NA,2014,11,108.5,2014-11-01
Index of Cement,NA,2014,12,121.1,2014-12-01
Index of Cement,NA,2015,1,124.1,2015-01-01
Index of Cement,NA,2015,2,117.4,2015-02-01
Index of Cement,NA,2015,3,125.3,2015-03-01
Index of Cement,NA,2015,4,123.7,2015-04-01
Index of Cement,NA,2015,5,127.0,2015-05-01
Index of Cement,NA,2015,6,123.5,2015-06-01
Index of Cement,NA,2015,7,120.3,2015-07-01
Index of Cement,NA,2015,8,113.0,2015-08-01
Index of Cement,NA,2015,9,112.1,2015-09-01
Index of Cement,NA,2015,10,119.4,2015-10-01
Index of Cement,NA,2015,11,106.7,2015-11-01
Index of Cement,NA,2015,12,126.1,2015-12-01
Index of Cement,NA,2016,1,135.6,2016-01-01
Index of Cement,NA,2016,2,133.3,2016-02-01
Index of Cement,NA,2016,3,141.4,2016-03-01
Index of Cement,NA,2016,4,129.0,2016-04-01
Index of Cement,NA,2016,5,130.4,2016-05-01
Index of Cement,NA,2016,6,136.5,2016-06-01
Index of Cement,NA,2016,7,121.1,2016-07-01
Index of Cement,NA,2016,8,116.5,2016-08-01
Index of Cement,NA,2016,9,119.7,2016-09-01
Index of Cement,NA,2016,10,126.9,2016-10-01
Index of Cement,NA,2016,11,107.3,2016-11-01
Index of Cement,NA,2016,12,115.0,2016-12-01
Index of Cement,NA,2017,1,117.6,2017-01-01
Index of Cement,NA,2017,2,112.2,2017-02-01
Index of Cement,NA,2017,3,131.8,2017-03-01
Index of Cement,NA,2017,4,122.3,2017-04-01
Index of Cement,NA,2017,5,128.6,2017-05-01
Index of Cement,NA,2017,6,132.0,2017-06-01
Index of Cement,NA,2017,7,122.4,2017-07-01
Index of Cement,NA,2017,8,117.3,2017-08-01
Index of Cement,NA,2017,9,119.8,2017-09-01
Index of Cement,NA,2017,10,125.2,2017-10-01
Index of Cement,NA,2017,11,125.4,2017-11-01
Index of Cement,NA,2017,12,135.3,2017-12-01
Index of Cement,NA,2018,1,140.6,2018-01-01
Index of Cement,NA,2018,2,138.0,2018-02-01
Index of Cement,NA,2018,3,149.6,2018-03-01
Index of Cement,NA,2018,4,149.1,2018-04-01
Index of Cement,NA,2018,5,145.3,2018-05-01
Index of Cement,NA,2018,6,150.7,2018-06-01
Index of Cement,NA,2018,7,136.0,2018-07-01
Index of Cement,NA,2018,8,134.5,2018-08-01
Index of Cement,NA,2018,9,133.9,2018-09-01
Index of Cement,NA,2018,10,148.4,2018-10-01
Index of Cement,NA,2018,11,136.5,2018-11-01
Index of Cement,NA,2018,12,151.0,2018-12-01
Index of Cement,NA,2019,1,156.1,2019-01-01
Index of Cement,NA,2019,2,149.1,2019-02-01
Index of Cement,NA,2019,3,173.2,2019-03-01
Index of Cement,NA,2019,4,152.5,2019-04-01
Index of Cement,NA,2019,5,149.3,2019-05-01
Index of Cement,NA,2019,6,147.9,2019-06-01
Index of Cement,NA,2019,7,146.5,2019-07-01
Index of Cement,NA,2019,8,127.7,2019-08-01
Index of Cement,NA,2019,9,131.3,2019-09-01
Index of Cement,NA,2019,10,137.0,2019-10-01
Index of Cement,NA,2019,11,142.4,2019-11-01
Index of Cement,NA,2019,12,159.2,2019-12-01
Index of Cement,NA,2020,1,164.1,2020-01-01
Index of Cement,NA,2020,2,160.7,2020-02-01
Index of Cement,NA,2020,3,129.8,2020-03-01
Index of Cement,NA,2020,4,22.5,2020-04-01
Index of Cement,NA,2020,5,117.3,2020-05-01
Index of Cement,NA,2020,6,137.8,2020-06-01
Index of Cement,NA,2020,7,126.8,2020-07-01
Index of Cement,NA,2020,8,109.1,2020-08-01
Index of Cement,NA,2020,9,126.8,2020-09-01
Index of Cement,NA,2020,10,141.3,2020-10-01
Index of Cement,NA,2020,11,132.1,2020-11-01
Index of Cement,NA,2020,12,147.8,2020-12-01
Index of Cement,NA,2021,1,154.6,2021-01-01
Index of Cement,NA,2021,2,160.9,2021-02-01
Index of Cement,NA,2021,3,182.5,2021-03-01
Index of Cement,NA,2021,4,159.0,2021-04-01
Index of Cement,NA,2021,5,131.1,2021-05-01
Index of Cement,NA,2021,6,148.2,2021-06-01
Index of Cement,NA,2021,7,154.3,2021-07-01
Index of Cement,NA,2021,8,148.8,2021-08-01
Index of Cement,NA,2021,9,141.1,2021-09-01
Index of Cement,NA,2021,10,161.9,2021-10-01
Index of Cement,NA,2021,11,127.3,2021-11-01
Index of Cement,NA,2021,12,168.8,2021-12-01
Index of Cement,NA,2022,1,176.4,2022-01-01
Index of Cement,NA,2022,2,167.7,2022-02-01
Index of Cement,NA,2022,3,198.8,2022-03-01
Index of Cement,NA,2022,5,165.4,2022-05-01
Index of Cement,NA,2022,6,177.4,2022-06-01
Index of Cement,NA,2022,7,155.4,2022-07-01
Index of Cement,NA,2022,8,152.0,2022-08-01
Index of Cement,NA,2022,9,158.7,2022-09-01
Index of Cement,NA,2022,10,155.2,2022-10-01
Index of Cement,NA,2022,11,164.3,2022-11-01
Index of Cement,NA,2022,12,184.8,2022-12-01
Index of Cement,NA,2023,1,184.7,2023-01-01
Index of Cement,NA,2023,2,180.2,2023-02-01
Index of Cement,NA,2023,3,198.4,2023-03-01
Index of Cement,NA,2023,4,192.0,2023-04-01
Index of Cement,NA,2023,5,191.8,2023-05-01
Index of Cement,NA,2023,6,195.0,2023-06-01
Index of Cement,NA,2023,7,166.1,2023-07-01
Index of Cement,NA,2023,8,182.0,2023-08-01
Index of Cement,NA,2023,9,166.2,2023-09-01
Index of Cement,NA,2023,10,181.5,2023-10-01
Index of Cement,NA,2023,11,156.5,2023-11-01
Index of Cement,NA,2023,12,191.9,2023-12-01
Index of Cement,NA,2024,1,192.2,2024-01-01
Index of Cement,NA,2024,2,194.3,2024-02-01
Index of Cement,NA,2024,3,219.4,2024-03-01
Index of Cement,NA,2024,4,192.3,2024-04-01
Index of Cement,NA,2024,5,190.6,2024-05-01
Index of Cement,NA,2024,6,198.7,2024-06-01
Index of Cement,NA,2024,7,175.2,2024-07-01
Index of Electricity,NA,2011,4,97.7,2011-04-01
Index of Electricity,NA,2011,5,102.6,2011-05-01
Index of Electricity,NA,2011,6,96.6,2011-06-01
Index of Electricity,NA,2011,7,101.8,2011-07-01
Index of Electricity,NA,2011,8,100.0,2011-08-01
Index of Electricity,NA,2011,9,96.5,2011-09-01
Index of Electricity,NA,2011,10,101.9,2011-10-01
Index of Electricity,NA,2011,11,97.5,2011-11-01
Index of Electricity,NA,2011,12,100.3,2011-12-01
Index of Electricity,NA,2012,1,101.2,2012-01-01
Index of Electricity,NA,2012,2,97.7,2012-02-01
Index of Electricity,NA,2012,3,106.2,2012-03-01
Index of Electricity,NA,2012,4,103.0,2012-04-01
Index of Electricity,NA,2012,5,108.7,2012-05-01
Index of Electricity,NA,2012,6,105.1,2012-06-01
Index of Electricity,NA,2012,7,104.6,2012-07-01
Index of Electricity,NA,2012,8,101.9,2012-08-01
Index of Electricity,NA,2012,9,100.3,2012-09-01
Index of Electricity,NA,2012,10,107.5,2012-10-01
Index of Electricity,NA,2012,11,99.8,2012-11-01
Index of Electricity,NA,2012,12,105.5,2012-12-01
Index of Electricity,NA,2013,1,107.6,2013-01-01
Index of Electricity,NA,2013,2,94.1,2013-02-01
Index of Electricity,NA,2013,3,109.9,2013-03-01
Index of Electricity,NA,2013,4,106.6,2013-04-01
Index of Electricity,NA,2013,5,115.4,2013-05-01
Index of Electricity,NA,2013,6,105.1,2013-06-01
Index of Electricity,NA,2013,7,110.1,2013-07-01
Index of Electricity,NA,2013,8,109.2,2013-08-01
Index of Electricity,NA,2013,9,113.1,2013-09-01
Index of Electricity,NA,2013,10,108.9,2013-10-01
Index of Electricity,NA,2013,11,106.1,2013-11-01
Index of Electricity,NA,2013,12,113.6,2013-12-01
Index of Electricity,NA,2014,1,114.6,2014-01-01
Index of Electricity,NA,2014,2,104.9,2014-02-01
Index of Electricity,NA,2014,3,115.8,2014-03-01
Index of Electricity,NA,2014,4,124.3,2014-04-01
Index of Electricity,NA,2014,5,128.6,2014-05-01
Index of Electricity,NA,2014,6,130.6,2014-06-01
Index of Electricity,NA,2014,7,134.1,2014-07-01
Index of Electricity,NA,2014,8,133.1,2014-08-01
Index of Electricity,NA,2014,9,125.4,2014-09-01
Index of Electricity,NA,2014,10,130.1,2014-10-01
Index of Electricity,NA,2014,11,121.9,2014-11-01
Index of Electricity,NA,2014,12,125.2,2014-12-01
Index of Electricity,NA,2015,1,124.4,2015-01-01
Index of Electricity,NA,2015,2,117.4,2015-02-01
Index of Electricity,NA,2015,3,124.5,2015-03-01
Index of Electricity,NA,2015,4,124.9,2015-04-01
Index of Electricity,NA,2015,5,137.6,2015-05-01
Index of Electricity,NA,2015,6,131.4,2015-06-01
Index of Electricity,NA,2015,7,139.6,2015-07-01
Index of Electricity,NA,2015,8,140.5,2015-08-01
Index of Electricity,NA,2015,9,138.5,2015-09-01
Index of Electricity,NA,2015,10,140.9,2015-10-01
Index of Electricity,NA,2015,11,123.2,2015-11-01
Index of Electricity,NA,2015,12,129.5,2015-12-01
Index of Electricity,NA,2016,1,132.1,2016-01-01
Index of Electricity,NA,2016,2,128.6,2016-02-01
Index of Electricity,NA,2016,3,139.3,2016-03-01
Index of Electricity,NA,2016,4,143.0,2016-04-01
Index of Electricity,NA,2016,5,146.1,2016-05-01
Index of Electricity,NA,2016,6,144.3,2016-06-01
Index of Electricity,NA,2016,7,142.5,2016-07-01
Index of Electricity,NA,2016,8,143.5,2016-08-01
Index of Electricity,NA,2016,9,145.6,2016-09-01
Index of Electricity,NA,2016,10,145.1,2016-10-01
Index of Electricity,NA,2016,11,134.9,2016-11-01
Index of Electricity,NA,2016,12,137.8,2016-12-01
Index of Electricity,NA,2017,1,138.9,2017-01-01
Index of Electricity,NA,2017,2,130.2,2017-02-01
Index of Electricity,NA,2017,3,147.9,2017-03-01
Index of Electricity,NA,2017,4,150.6,2017-04-01
Index of Electricity,NA,2017,5,158.1,2017-05-01
Index of Electricity,NA,2017,6,147.4,2017-06-01
Index of Electricity,NA,2017,7,151.9,2017-07-01
Index of Electricity,NA,2017,8,155.4,2017-08-01
Index of Electricity,NA,2017,9,150.5,2017-09-01
Index of Electricity,NA,2017,10,149.8,2017-10-01
Index of Electricity,NA,2017,11,140.1,2017-11-01
Index of Electricity,NA,2017,12,143.9,2017-12-01
Index of Electricity,NA,2018,1,149.5,2018-01-01
Index of Electricity,NA,2018,2,136.1,2018-02-01
Index of Electricity,NA,2018,3,156.7,2018-03-01
Index of Electricity,NA,2018,4,153.7,2018-04-01
Index of Electricity,NA,2018,5,164.7,2018-05-01
Index of Electricity,NA,2018,6,159.9,2018-06-01
Index of Electricity,NA,2018,7,162.1,2018-07-01
Index of Electricity,NA,2018,8,167.2,2018-08-01
Index of Electricity,NA,2018,9,162.9,2018-09-01
Index of Electricity,NA,2018,10,166.0,2018-10-01
Index of Electricity,NA,2018,11,147.2,2018-11-01
Index of Electricity,NA,2018,12,150.3,2018-12-01
Index of Electricity,NA,2019,1,150.7,2019-01-01
Index of Electricity,NA,2019,2,137.7,2019-02-01
Index of Electricity,NA,2019,3,160.1,2019-03-01
Index of Electricity,NA,2019,4,162.8,2019-04-01
Index of Electricity,NA,2019,5,176.8,2019-05-01
Index of Electricity,NA,2019,6,173.6,2019-06-01
Index of Electricity,NA,2019,7,170.5,2019-07-01
Index of Electricity,NA,2019,8,165.7,2019-08-01
Index of Electricity,NA,2019,9,158.7,2019-09-01
Index of Electricity,NA,2019,10,145.8,2019-10-01
Index of Electricity,NA,2019,11,139.9,2019-11-01
Index of Electricity,NA,2019,12,150.2,2019-12-01
Index of Electricity,NA,2020,1,155.6,2020-01-01
Index of Electricity,NA,2020,2,153.6,2020-02-01
Index of Electricity,NA,2020,3,146.9,2020-03-01
Index of Electricity,NA,2020,4,125.6,2020-04-01
Index of Electricity,NA,2020,5,150.6,2020-05-01
Index of Electricity,NA,2020,6,156.2,2020-06-01
Index of Electricity,NA,2020,7,166.3,2020-07-01
Index of Electricity,NA,2020,8,162.7,2020-08-01
Index of Electricity,NA,2020,9,166.4,2020-09-01
Index of Electricity,NA,2020,10,162.2,2020-10-01
Index of Electricity,NA,2020,11,144.8,2020-11-01
Index of Electricity,NA,2020,12,157.9,2020-12-01
Index of Electricity,NA,2021,1,164.2,2021-01-01
Index of Electricity,NA,2021,2,153.9,2021-02-01
Index of Electricity,NA,2021,3,180.0,2021-03-01
Index of Electricity,NA,2021,4,174.0,2021-04-01
Index of Electricity,NA,2021,5,161.9,2021-05-01
Index of Electricity,NA,2021,6,169.1,2021-06-01
Index of Electricity,NA,2021,7,184.7,2021-07-01
Index of Electricity,NA,2021,8,188.7,2021-08-01
Index of Electricity,NA,2021,9,167.9,2021-09-01
Index of Electricity,NA,2021,10,167.3,2021-10-01
Index of Electricity,NA,2021,11,147.9,2021-11-01
Index of Electricity,NA,2021,12,162.5,2021-12-01
Index of Electricity,NA,2022,1,165.6,2022-01-01
Index of Electricity,NA,2022,2,160.8,2022-02-01
Index of Electricity,NA,2022,3,191.0,2022-03-01
Index of Electricity,NA,2022,5,199.9,2022-05-01
Index of Electricity,NA,2022,6,196.9,2022-06-01
Index of Electricity,NA,2022,7,188.9,2022-07-01
Index of Electricity,NA,2022,8,191.3,2022-08-01
Index of Electricity,NA,2022,9,187.4,2022-09-01
Index of Electricity,NA,2022,10,169.3,2022-10-01
Index of Electricity,NA,2022,11,166.7,2022-11-01
Index of Electricity,NA,2022,12,179.4,2022-12-01
Index of Electricity,NA,2023,1,186.6,2023-01-01
Index of Electricity,NA,2023,2,174.0,2023-02-01
Index of Electricity,NA,2023,3,188.0,2023-03-01
Index of Electricity,NA,2023,4,192.3,2023-04-01
Index of Electricity,NA,2023,5,201.6,2023-05-01
Index of Electricity,NA,2023,6,205.2,2023-06-01
Index of Electricity,NA,2023,7,204.0,2023-07-01
Index of Electricity,NA,2023,8,220.5,2023-08-01
Index of Electricity,NA,2023,9,205.9,2023-09-01
Index of Electricity,NA,2023,10,203.8,2023-10-01
Index of Electricity,NA,2023,11,176.3,2023-11-01
Index of Electricity,NA,2023,12,181.6,2023-12-01
Index of Electricity,NA,2024,1,197.2,2024-01-01
Index of Electricity,NA,2024,2,187.2,2024-02-01
Index of Electricity,NA,2024,3,204.2,2024-03-01
Index of Electricity,NA,2024,4,212.0,2024-04-01
Index of Electricity,NA,2024,5,229.3,2024-05-01
Index of Electricity,NA,2024,6,222.8,2024-06-01
Index of Electricity,NA,2024,7,218.3,2024-07-01
Index of Petroleum Refinery Products,NA,2011,4,99.9,2011-04-01
Index of Petroleum Refinery Products,NA,2011,5,101.2,2011-05-01
Index of Petroleum Refinery Products,NA,2011,6,99.7,2011-06-01
Index of Petroleum Refinery Products,NA,2011,7,99.2,2011-07-01
Index of Petroleum Refinery Products,NA,2011,8,100.9,2011-08-01
Index of Petroleum Refinery Products,NA,2011,9,91.9,2011-09-01
Index of Petroleum Refinery Products,NA,2011,10,95.1,2011-10-01
Index of Petroleum Refinery Products,NA,2011,11,103.0,2011-11-01
Index of Petroleum Refinery Products,NA,2011,12,105.1,2011-12-01
Index of Petroleum Refinery Products,NA,2012,1,101.6,2012-01-01
Index of Petroleum Refinery Products,NA,2012,2,95.3,2012-02-01
Index of Petroleum Refinery Products,NA,2012,3,107.3,2012-03-01
Index of Petroleum Refinery Products,NA,2012,4,98.4,2012-04-01
Index of Petroleum Refinery Products,NA,2012,5,104.2,2012-05-01
Index of Petroleum Refinery Products,NA,2012,6,104.0,2012-06-01
Index of Petroleum Refinery Products,NA,2012,7,106.7,2012-07-01
Index of Petroleum Refinery Products,NA,2012,8,107.0,2012-08-01
Index of Petroleum Refinery Products,NA,2012,9,100.9,2012-09-01
Index of Petroleum Refinery Products,NA,2012,10,113.0,2012-10-01
Index of Petroleum Refinery Products,NA,2012,11,108.4,2012-11-01
Index of Petroleum Refinery Products,NA,2012,12,113.3,2012-12-01
Index of Petroleum Refinery Products,NA,2013,1,113.2,2013-01-01
Index of Petroleum Refinery Products,NA,2013,2,103.3,2013-02-01
Index of Petroleum Refinery Products,NA,2013,3,113.6,2013-03-01
Index of Petroleum Refinery Products,NA,2013,4,103.6,2013-04-01
Index of Petroleum Refinery Products,NA,2013,5,109.8,2013-05-01
Index of Petroleum Refinery Products,NA,2013,6,105.9,2013-06-01
Index of Petroleum Refinery Products,NA,2013,7,110.6,2013-07-01
Index of Petroleum Refinery Products,NA,2013,8,112.7,2013-08-01
Index of Petroleum Refinery Products,NA,2013,9,108.9,2013-09-01
Index of Petroleum Refinery Products,NA,2013,10,108.7,2013-10-01
Index of Petroleum Refinery Products,NA,2013,11,103.4,2013-11-01
Index of Petroleum Refinery Products,NA,2013,12,111.5,2013-12-01
Index of Petroleum Refinery Products,NA,2014,1,109.1,2014-01-01
Index of Petroleum Refinery Products,NA,2014,2,104.3,2014-02-01
Index of Petroleum Refinery Products,NA,2014,3,115.1,2014-03-01
Index of Petroleum Refinery Products,NA,2014,4,102.2,2014-04-01
Index of Petroleum Refinery Products,NA,2014,5,109.1,2014-05-01
Index of Petroleum Refinery Products,NA,2014,6,107.0,2014-06-01
Index of Petroleum Refinery Products,NA,2014,7,104.7,2014-07-01
Index of Petroleum Refinery Products,NA,2014,8,107.4,2014-08-01
Index of Petroleum Refinery Products,NA,2014,9,107.3,2014-09-01
Index of Petroleum Refinery Products,NA,2014,10,112.3,2014-10-01
Index of Petroleum Refinery Products,NA,2014,11,111.5,2014-11-01
Index of Petroleum Refinery Products,NA,2014,12,115.3,2014-12-01
Index of Petroleum Refinery Products,NA,2015,1,112.3,2015-01-01
Index of Petroleum Refinery Products,NA,2015,2,104.1,2015-02-01
Index of Petroleum Refinery Products,NA,2015,3,112.7,2015-03-01
Index of Petroleum Refinery Products,NA,2015,4,97.2,2015-04-01
Index of Petroleum Refinery Products,NA,2015,5,115.2,2015-05-01
Index of Petroleum Refinery Products,NA,2015,6,113.1,2015-06-01
Index of Petroleum Refinery Products,NA,2015,7,113.5,2015-07-01
Index of Petroleum Refinery Products,NA,2015,8,115.9,2015-08-01
Index of Petroleum Refinery Products,NA,2015,9,106.2,2015-09-01
Index of Petroleum Refinery Products,NA,2015,10,109.1,2015-10-01
Index of Petroleum Refinery Products,NA,2015,11,117.3,2015-11-01
Index of Petroleum Refinery Products,NA,2015,12,118.4,2015-12-01
Index of Petroleum Refinery Products,NA,2016,1,122.0,2016-01-01
Index of Petroleum Refinery Products,NA,2016,2,115.3,2016-02-01
Index of Petroleum Refinery Products,NA,2016,3,126.4,2016-03-01
Index of Petroleum Refinery Products,NA,2016,4,115.8,2016-04-01
Index of Petroleum Refinery Products,NA,2016,5,119.0,2016-05-01
Index of Petroleum Refinery Products,NA,2016,6,119.6,2016-06-01
Index of Petroleum Refinery Products,NA,2016,7,122.6,2016-07-01
Index of Petroleum Refinery Products,NA,2016,8,118.7,2016-08-01
Index of Petroleum Refinery Products,NA,2016,9,113.5,2016-09-01
Index of Petroleum Refinery Products,NA,2016,10,122.9,2016-10-01
Index of Petroleum Refinery Products,NA,2016,11,116.5,2016-11-01
Index of Petroleum Refinery Products,NA,2016,12,124.9,2016-12-01
Index of Petroleum Refinery Products,NA,2017,1,122.0,2017-01-01
Index of Petroleum Refinery Products,NA,2017,2,112.1,2017-02-01
Index of Petroleum Refinery Products,NA,2017,3,128.9,2017-03-01
Index of Petroleum Refinery Products,NA,2017,4,116.0,2017-04-01
Index of Petroleum Refinery Products,NA,2017,5,125.4,2017-05-01
Index of Petroleum Refinery Products,NA,2017,6,119.4,2017-06-01
Index of Petroleum Refinery Products,NA,2017,7,119.4,2017-07-01
Index of Petroleum Refinery Products,NA,2017,8,121.6,2017-08-01
Index of Petroleum Refinery Products,NA,2017,9,122.7,2017-09-01
Index of Petroleum Refinery Products,NA,2017,10,132.1,2017-10-01
Index of Petroleum Refinery Products,NA,2017,11,126.0,2017-11-01
Index of Petroleum Refinery Products,NA,2017,12,133.1,2017-12-01
Index of Petroleum Refinery Products,NA,2018,1,135.4,2018-01-01
Index of Petroleum Refinery Products,NA,2018,2,120.9,2018-02-01
Index of Petroleum Refinery Products,NA,2018,3,130.3,2018-03-01
Index of Petroleum Refinery Products,NA,2018,4,119.1,2018-04-01
Index of Petroleum Refinery Products,NA,2018,5,131.6,2018-05-01
Index of Petroleum Refinery Products,NA,2018,6,133.8,2018-06-01
Index of Petroleum Refinery Products,NA,2018,7,134.1,2018-07-01
Index of Petroleum Refinery Products,NA,2018,8,127.7,2018-08-01
Index of Petroleum Refinery Products,NA,2018,9,125.8,2018-09-01
Index of Petroleum Refinery Products,NA,2018,10,133.8,2018-10-01
Index of Petroleum Refinery Products,NA,2018,11,128.9,2018-11-01
Index of Petroleum Refinery Products,NA,2018,12,126.6,2018-12-01
Index of Petroleum Refinery Products,NA,2019,1,131.9,2019-01-01
Index of Petroleum Refinery Products,NA,2019,2,120.0,2019-02-01
Index of Petroleum Refinery Products,NA,2019,3,135.9,2019-03-01
Index of Petroleum Refinery Products,NA,2019,4,124.3,2019-04-01
Index of Petroleum Refinery Products,NA,2019,5,129.6,2019-05-01
Index of Petroleum Refinery Products,NA,2019,6,121.4,2019-06-01
Index of Petroleum Refinery Products,NA,2019,7,132.9,2019-07-01
Index of Petroleum Refinery Products,NA,2019,8,131.0,2019-08-01
Index of Petroleum Refinery Products,NA,2019,9,117.5,2019-09-01
Index of Petroleum Refinery Products,NA,2019,10,134.2,2019-10-01
Index of Petroleum Refinery Products,NA,2019,11,133.0,2019-11-01
Index of Petroleum Refinery Products,NA,2019,12,130.5,2019-12-01
Index of Petroleum Refinery Products,NA,2020,1,134.4,2020-01-01
Index of Petroleum Refinery Products,NA,2020,2,128.9,2020-02-01
Index of Petroleum Refinery Products,NA,2020,3,135.3,2020-03-01
Index of Petroleum Refinery Products,NA,2020,4,94.2,2020-04-01
Index of Petroleum Refinery Products,NA,2020,5,102.0,2020-05-01
Index of Petroleum Refinery Products,NA,2020,6,110.6,2020-06-01
Index of Petroleum Refinery Products,NA,2020,7,114.5,2020-07-01
Index of Petroleum Refinery Products,NA,2020,8,105.9,2020-08-01
Index of Petroleum Refinery Products,NA,2020,9,106.3,2020-09-01
Index of Petroleum Refinery Products,NA,2020,10,111.5,2020-10-01
Index of Petroleum Refinery Products,NA,2020,11,126.5,2020-11-01
Index of Petroleum Refinery Products,NA,2020,12,126.9,2020-12-01
Index of Petroleum Refinery Products,NA,2021,1,130.9,2021-01-01
Index of Petroleum Refinery Products,NA,2021,2,114.8,2021-02-01
Index of Petroleum Refinery Products,NA,2021,3,134.4,2021-03-01
Index of Petroleum Refinery Products,NA,2021,4,123.4,2021-04-01
Index of Petroleum Refinery Products,NA,2021,5,117.7,2021-05-01
Index of Petroleum Refinery Products,NA,2021,6,113.2,2021-06-01
Index of Petroleum Refinery Products,NA,2021,7,122.2,2021-07-01
Index of Petroleum Refinery Products,NA,2021,8,115.5,2021-08-01
Index of Petroleum Refinery Products,NA,2021,9,112.7,2021-09-01
Index of Petroleum Refinery Products,NA,2021,10,127.5,2021-10-01
Index of Petroleum Refinery Products,NA,2021,11,131.9,2021-11-01
Index of Petroleum Refinery Products,NA,2021,12,134.4,2021-12-01
Index of Petroleum Refinery Products,NA,2022,1,135.8,2022-01-01
Index of Petroleum Refinery Products,NA,2022,2,124.9,2022-02-01
Index of Petroleum Refinery Products,NA,2022,3,142.5,2022-03-01
Index of Petroleum Refinery Products,NA,2022,5,137.3,2022-05-01
Index of Petroleum Refinery Products,NA,2022,6,130.3,2022-06-01
Index of Petroleum Refinery Products,NA,2022,7,129.8,2022-07-01
Index of Petroleum Refinery Products,NA,2022,8,123.6,2022-08-01
Index of Petroleum Refinery Products,NA,2022,9,120.2,2022-09-01
Index of Petroleum Refinery Products,NA,2022,10,123.5,2022-10-01
Index of Petroleum Refinery Products,NA,2022,11,119.7,2022-11-01
Index of Petroleum Refinery Products,NA,2022,12,139.3,2022-12-01
Index of Petroleum Refinery Products,NA,2023,1,142.0,2023-01-01
Index of Petroleum Refinery Products,NA,2023,2,129.1,2023-02-01
Index of Petroleum Refinery Products,NA,2023,3,144.7,2023-03-01
Index of Petroleum Refinery Products,NA,2023,4,132.7,2023-04-01
Index of Petroleum Refinery Products,NA,2023,5,141.1,2023-05-01
Index of Petroleum Refinery Products,NA,2023,6,136.2,2023-06-01
Index of Petroleum Refinery Products,NA,2023,7,134.4,2023-07-01
Index of Petroleum Refinery Products,NA,2023,8,135.4,2023-08-01
Index of Petroleum Refinery Products,NA,2023,9,126.8,2023-09-01
Index of Petroleum Refinery Products,NA,2023,10,128.8,2023-10-01
Index of Petroleum Refinery Products,NA,2023,11,134.5,2023-11-01
Index of Petroleum Refinery Products,NA,2023,12,145.0,2023-12-01
Index of Petroleum Refinery Products,NA,2024,1,135.9,2024-01-01
Index of Petroleum Refinery Products,NA,2024,2,132.5,2024-02-01
Index of Petroleum Refinery Products,NA,2024,3,147.0,2024-03-01
Index of Petroleum Refinery Products,NA,2024,4,137.9,2024-04-01
Index of Petroleum Refinery Products,NA,2024,5,141.8,2024-05-01
Index of Petroleum Refinery Products,NA,2024,6,134.1,2024-06-01
Index of Petroleum Refinery Products,NA,2024,7,143.3,2024-07-01
Index of Steel,NA,2011,4,95.5,2011-04-01
Index of Steel,NA,2011,5,98.9,2011-05-01
Index of Steel,NA,2011,6,96.7,2011-06-01
Index of Steel,NA,2011,7,99.8,2011-07-01
Index of Steel,NA,2011,8,99.2,2011-08-01
Index of Steel,NA,2011,9,97.4,2011-09-01
Index of Steel,NA,2011,10,105.8,2011-10-01
Index of Steel,NA,2011,11,93.7,2011-11-01
Index of Steel,NA,2011,12,102.4,2011-12-01
Index of Steel,NA,2012,1,105.2,2012-01-01
Index of Steel,NA,2012,2,100.9,2012-02-01
Index of Steel,NA,2012,3,104.8,2012-03-01
Index of Steel,NA,2012,4,106.1,2012-04-01
Index of Steel,NA,2012,5,119.1,2012-05-01
Index of Steel,NA,2012,6,104.3,2012-06-01
Index of Steel,NA,2012,7,112.3,2012-07-01
Index of Steel,NA,2012,8,102.1,2012-08-01
Index of Steel,NA,2012,9,99.1,2012-09-01
Index of Steel,NA,2012,10,100.6,2012-10-01
Index of Steel,NA,2012,11,106.1,2012-11-01
Index of Steel,NA,2012,12,110.9,2012-12-01
Index of Steel,NA,2013,1,111.8,2013-01-01
Index of Steel,NA,2013,2,105.7,2013-02-01
Index of Steel,NA,2013,3,116.9,2013-03-01
Index of Steel,NA,2013,4,109.4,2013-04-01
Index of Steel,NA,2013,5,120.9,2013-05-01
Index of Steel,NA,2013,6,108.4,2013-06-01
Index of Steel,NA,2013,7,119.2,2013-07-01
Index of Steel,NA,2013,8,110.3,2013-08-01
Index of Steel,NA,2013,9,109.1,2013-09-01
Index of Steel,NA,2013,10,106.7,2013-10-01
Index of Steel,NA,2013,11,111.1,2013-11-01
Index of Steel,NA,2013,12,122.4,2013-12-01
Index of Steel,NA,2014,1,123.9,2014-01-01
Index of Steel,NA,2014,2,117.8,2014-02-01
Index of Steel,NA,2014,3,130.7,2014-03-01
Index of Steel,NA,2014,4,115.3,2014-04-01
Index of Steel,NA,2014,5,130.5,2014-05-01
Index of Steel,NA,2014,6,121.9,2014-06-01
Index of Steel,NA,2014,7,122.4,2014-07-01
Index of Steel,NA,2014,8,120.7,2014-08-01
Index of Steel,NA,2014,9,116.4,2014-09-01
Index of Steel,NA,2014,10,121.8,2014-10-01
Index of Steel,NA,2014,11,122.2,2014-11-01
Index of Steel,NA,2014,12,122.5,2014-12-01
Index of Steel,NA,2015,1,128.1,2015-01-01
Index of Steel,NA,2015,2,117.0,2015-02-01
Index of Steel,NA,2015,3,122.2,2015-03-01
Index of Steel,NA,2015,4,117.7,2015-04-01
Index of Steel,NA,2015,5,121.3,2015-05-01
Index of Steel,NA,2015,6,119.6,2015-06-01
Index of Steel,NA,2015,7,119.9,2015-07-01
Index of Steel,NA,2015,8,116.6,2015-08-01
Index of Steel,NA,2015,9,115.3,2015-09-01
Index of Steel,NA,2015,10,115.1,2015-10-01
Index of Steel,NA,2015,11,113.9,2015-11-01
Index of Steel,NA,2015,12,118.7,2015-12-01
Index of Steel,NA,2016,1,128.2,2016-01-01
Index of Steel,NA,2016,2,124.2,2016-02-01
Index of Steel,NA,2016,3,131.7,2016-03-01
Index of Steel,NA,2016,4,123.0,2016-04-01
Index of Steel,NA,2016,5,137.6,2016-05-01
Index of Steel,NA,2016,6,130.2,2016-06-01
Index of Steel,NA,2016,7,120.0,2016-07-01
Index of Steel,NA,2016,8,136.1,2016-08-01
Index of Steel,NA,2016,9,133.8,2016-09-01
Index of Steel,NA,2016,10,135.1,2016-10-01
Index of Steel,NA,2016,11,120.1,2016-11-01
Index of Steel,NA,2016,12,137.5,2016-12-01
Index of Steel,NA,2017,1,142.6,2017-01-01
Index of Steel,NA,2017,2,134.9,2017-02-01
Index of Steel,NA,2017,3,146.2,2017-03-01
Index of Steel,NA,2017,4,134.1,2017-04-01
Index of Steel,NA,2017,5,142.9,2017-05-01
Index of Steel,NA,2017,6,138.0,2017-06-01
Index of Steel,NA,2017,7,131.3,2017-07-01
Index of Steel,NA,2017,8,139.0,2017-08-01
Index of Steel,NA,2017,9,138.7,2017-09-01
Index of Steel,NA,2017,10,146.7,2017-10-01
Index of Steel,NA,2017,11,137.5,2017-11-01
Index of Steel,NA,2017,12,138.0,2017-12-01
Index of Steel,NA,2018,1,145.0,2018-01-01
Index of Steel,NA,2018,2,141.7,2018-02-01
Index of Steel,NA,2018,3,153.2,2018-03-01
Index of Steel,NA,2018,4,138.1,2018-04-01
Index of Steel,NA,2018,5,142.8,2018-05-01
Index of Steel,NA,2018,6,143.8,2018-06-01
Index of Steel,NA,2018,7,140.3,2018-07-01
Index of Steel,NA,2018,8,144.5,2018-08-01
Index of Steel,NA,2018,9,143.2,2018-09-01
Index of Steel,NA,2018,10,150.2,2018-10-01
Index of Steel,NA,2018,11,144.8,2018-11-01
Index of Steel,NA,2018,12,152.0,2018-12-01
Index of Steel,NA,2019,1,153.0,2019-01-01
Index of Steel,NA,2019,2,148.6,2019-02-01
Index of Steel,NA,2019,3,170.7,2019-03-01
Index of Steel,NA,2019,4,156.4,2019-04-01
Index of Steel,NA,2019,5,161.8,2019-05-01
Index of Steel,NA,2019,6,159.3,2019-06-01
Index of Steel,NA,2019,7,151.7,2019-07-01
Index of Steel,NA,2019,8,150.0,2019-08-01
Index of Steel,NA,2019,9,141.2,2019-09-01
Index of Steel,NA,2019,10,149.5,2019-10-01
Index of Steel,NA,2019,11,154.9,2019-11-01
Index of Steel,NA,2019,12,165.2,2019-12-01
Index of Steel,NA,2020,1,155.4,2020-01-01
Index of Steel,NA,2020,2,152.9,2020-02-01
Index of Steel,NA,2020,3,133.2,2020-03-01
Index of Steel,NA,2020,4,26.9,2020-04-01
Index of Steel,NA,2020,5,96.4,2020-05-01
Index of Steel,NA,2020,6,122.3,2020-06-01
Index of Steel,NA,2020,7,141.9,2020-07-01
Index of Steel,NA,2020,8,150.7,2020-08-01
Index of Steel,NA,2020,9,149.9,2020-09-01
Index of Steel,NA,2020,10,158.4,2020-10-01
Index of Steel,NA,2020,11,156.0,2020-11-01
Index of Steel,NA,2020,12,170.9,2020-12-01
Index of Steel,NA,2021,1,168.1,2021-01-01
Index of Steel,NA,2021,2,156.3,2021-02-01
Index of Steel,NA,2021,3,175.2,2021-03-01
Index of Steel,NA,2021,4,160.0,2021-04-01
Index of Steel,NA,2021,5,149.4,2021-05-01
Index of Steel,NA,2021,6,153.1,2021-06-01
Index of Steel,NA,2021,7,155.2,2021-07-01
Index of Steel,NA,2021,8,161.1,2021-08-01
Index of Steel,NA,2021,9,160.5,2021-09-01
Index of Steel,NA,2021,10,167.6,2021-10-01
Index of Steel,NA,2021,11,157.4,2021-11-01
Index of Steel,NA,2021,12,169.9,2021-12-01
Index of Steel,NA,2022,1,174.5,2022-01-01
Index of Steel,NA,2022,2,165.0,2022-02-01
Index of Steel,NA,2022,3,182.4,2022-03-01
Index of Steel,NA,2022,5,172.0,2022-05-01
Index of Steel,NA,2022,6,158.2,2022-06-01
Index of Steel,NA,2022,7,166.8,2022-07-01
Index of Steel,NA,2022,8,170.5,2022-08-01
Index of Steel,NA,2022,9,172.8,2022-09-01
Index of Steel,NA,2022,10,177.3,2022-10-01
Index of Steel,NA,2022,11,175.5,2022-11-01
Index of Steel,NA,2022,12,190.9,2022-12-01
Index of Steel,NA,2023,1,199.5,2023-01-01
Index of Steel,NA,2023,2,185.4,2023-02-01
Index of Steel,NA,2023,3,204.4,2023-03-01
Index of Steel,NA,2023,4,191.2,2023-04-01
Index of Steel,NA,2023,5,192.5,2023-05-01
Index of Steel,NA,2023,6,191.9,2023-06-01
Index of Steel,NA,2023,7,191.7,2023-07-01
Index of Steel,NA,2023,8,198.4,2023-08-01
Index of Steel,NA,2023,9,198.4,2023-09-01
Index of Steel,NA,2023,10,201.4,2023-10-01
Index of Steel,NA,2023,11,192.6,2023-11-01
Index of Steel,NA,2023,12,206.7,2023-12-01
Index of Steel,NA,2024,1,217.8,2024-01-01
Index of Steel,NA,2024,2,202.9,2024-02-01
Index of Steel,NA,2024,3,219.8,2024-03-01
Index of Steel,NA,2024,4,210.0,2024-04-01
Index of Steel,NA,2024,5,205.5,2024-05-01
Index of Steel,NA,2024,6,204.8,2024-06-01
Index of Steel,NA,2024,7,205.5,2024-07-01
